Name,Image URL,Product URL,Price (INR Numeric),Price (INR Formatted),Manufacturer,Part #,Series,Microarchitecture,Core Family,Socket,Core Count,Performance Core Clock,Performance Core Boost Clock,Efficiency Core Clock,Efficiency Core Boost Clock,L2 Cache,L3 Cache,TDP,Integrated Graphics,Maximum Supported Memory,ECC Support,Includes Cooler,Packaging,Lithography,Includes CPU Cooler,Simultaneous Multithreading
AMD Ryzen 7 9800X3D 4.7 GHz 8-Core Processor,https://cdna.pcpartpicker.com/static/forever/images/product/7e2d17b7b777f8b56e1b5119aa97be20.256p.jpg,https://pcpartpicker.com/product/fPyH99/amd-ryzen-7-9800x3d-47-ghz-8-core-processor-100-1000001084wof,,54883.0,AMD,100-1000001084WOF,AMD Ryzen 7,Zen 5,Granite Ridge,AM5,8,4.7 GHz,5.2 GHz,,,8 MB,96 MB,120 W,Radeon,192 GB,Yes,No,Boxed,4 nm,No,Yes
AMD Ryzen 7 7800X3D 4.2 GHz 8-Core Processor,,https://pcpartpicker.com/product/3hyH99/amd-ryzen-7-7800x3d-42-ghz-8-core-processor-100-100000910wof,,46593.0,AMD,100-100000910WOF,AMD Ryzen 7,Zen 4,Raphael,AM5,8,4.2 GHz,5 GHz,,,8 MB,96 MB,120 W,Radeon,128 GB,Yes,No,Boxed,5 nm,No,Yes
AMD Ryzen 5 9600X 3.9 GHz 6-Core Processor,,https://pcpartpicker.com/product/4r4Zxr/amd-ryzen-5-9600x-39-ghz-6-core-processor-100-100001405wof,,24172.0,AMD,100-100001405WOF,AMD Ryzen 5,Zen 5,Granite Ridge,AM5,6,3.9 GHz,5.4 GHz,,,6 MB,32 MB,65 W,Radeon,192 GB,Yes,No,Boxed,4 nm,No,Yes
AMD Ryzen 5 7600X 4.7 GHz 6-Core Processor,,https://pcpartpicker.com/product/66C48d/amd-ryzen-5-7600x-47-ghz-6-core-processor-100-100000593wof,,23238.0,AMD,100-100000593WOF,AMD Ryzen 5,Zen 4,Raphael,AM5,6,4.7 GHz,5.3 GHz,,,6 MB,32 MB,105 W,Radeon,128 GB,Yes,No,Boxed,5 nm,No,Yes
AMD Ryzen 9 9950X3D 4.3 GHz 16-Core Processor,,https://pcpartpicker.com/product/Pk62FT/amd-ryzen-9-9950x3d-43-ghz-16-core-processor-100-100000719wof,,78892.0,AMD,100-100000719WOF,AMD Ryzen 9,Zen 5,Granite Ridge,AM5,16,4.3 GHz,5.7 GHz,,,16 MB,128 MB,170 W,Radeon,192 GB,Yes,No,Boxed,4 nm,No,Yes
AMD Ryzen 5 5500 3.6 GHz 6-Core Processor,,https://pcpartpicker.com/product/yq2WGX/amd-ryzen-5-5500-36-ghz-6-core-processor-100-100000457box,,10743.0,AMD,100-100000457BOX,AMD Ryzen 5,Zen 3,Cezanne,AM4,6,3.6 GHz,4.2 GHz,,,3 MB,16 MB,65 W,,128 GB,No,Yes,Boxed,7 nm,Yes,Yes
AMD Ryzen 7 9700X 3.8 GHz 8-Core Processor,,https://pcpartpicker.com/product/YMzXsY/amd-ryzen-7-9700x-38-ghz-8-core-processor-100-100001404wof,,38476.0,AMD,100-100001404WOF,AMD Ryzen 7,Zen 5,Granite Ridge,AM5,8,3.8 GHz,5.5 GHz,,,8 MB,32 MB,65 W,Radeon,192 GB,Yes,No,Boxed,4 nm,No,Yes
AMD Ryzen 5 5600 3.5 GHz 6-Core Processor,,https://pcpartpicker.com/product/PgcG3C/amd-ryzen-5-5600-36-ghz-6-core-processor-100-100000927box,,19967.0,AMD,100-100000927BOX,AMD Ryzen 5,Zen 3,Vermeer,AM4,6,3.5 GHz,4.4 GHz,,,3 MB,32 MB,65 W,,128 GB,No,Yes,Boxed,7 nm,Yes,Yes
AMD Ryzen 7 7700X 4.5 GHz 8-Core Processor,,https://pcpartpicker.com/product/WfqPxr/amd-ryzen-7-7700x-45-ghz-8-core-processor-100-100000591wof,,29777.0,AMD,100-100000591WOF,AMD Ryzen 7,Zen 4,Raphael,AM5,8,4.5 GHz,5.4 GHz,,,8 MB,32 MB,105 W,Radeon,128 GB,Yes,No,Boxed,5 nm,No,Yes
AMD Ryzen 7 5800X 3.8 GHz 8-Core Processor,https://cdna.pcpartpicker.com/static/forever/images/product/9b4cefb2e43f2c358f3a97a31e1be90b.256p.jpg,https://pcpartpicker.com/product/qtvqqs/amd-ryzen-7-5800x-38-ghz-8-core-processor-100-100000063wof,,29071.0,AMD,100-100000063WOF,AMD Ryzen 7,Zen 3,Vermeer,AM4,8,3.8 GHz,4.7 GHz,,,4 MB,32 MB,105 W,,128 GB,No,No,Boxed,7 nm,No,Yes
AMD Ryzen 5 3600 3.6 GHz 6-Core Processor,,https://pcpartpicker.com/product/9nm323/amd-ryzen-5-3600-36-thz-6-core-processor-100-100000031box,,22018.0,AMD,Ryzen 5 3600,AMD Ryzen 5,Zen 2,Matisse,AM4,6,3.6 GHz,4.2 GHz,,,3 MB,32 MB,65 W,,128 GB,No,Yes,Boxed,7 nm,Yes,Yes
AMD Ryzen 5 5600X 3.7 GHz 6-Core Processor,https://cdna.pcpartpicker.com/static/forever/images/product/3ef757133d38ac40afe75da691ba7d60.256p.jpg,https://pcpartpicker.com/product/g94BD3/amd-ryzen-5-5600x-37-ghz-6-core-processor-100-100000065box,,25515.0,AMD,100-100000065BOX,AMD Ryzen 5,Zen 3,Vermeer,AM4,6,3.7 GHz,4.6 GHz,,,3 MB,32 MB,65 W,,128 GB,No,Yes,Boxed,7 nm,Yes,Yes
AMD Ryzen 7 5700X 3.4 GHz 8-Core Processor,,https://pcpartpicker.com/product/JmhFf7/amd-ryzen-7-5700x-34-ghz-8-core-processor-100-100000926wof,,26945.0,AMD,100-100000926WOF,AMD Ryzen 7,Zen 3,Vermeer,AM4,8,3.4 GHz,4.6 GHz,,,4 MB,32 MB,65 W,,128 GB,No,No,Boxed,7 nm,No,Yes
Intel Core i7-14700K 3.4 GHz 20-Core Processor,,https://pcpartpicker.com/product/BmWJ7P/intel-core-i7-14700k-34-ghz-20-core-processor-bx8071514700k,,42037.0,Intel,BX8071514700K,Intel Core i7,Raptor Lake Refresh,Raptor Lake Refresh,LGA1700,20,3.4 GHz,5.6 GHz,2.5 GHz,4.3 GHz,28 MB,33 MB,125 W,Intel UHD Graphics 770,192 GB,Yes,No,Boxed,7 nm,No,Yes: Hyper-Threading
Intel Core i5-12400F 2.5 GHz 6-Core Processor,https://cdna.pcpartpicker.com/static/forever/images/product/5fe3c9cc8cbaaa4aa52aed7389d2cc10.256p.jpg,https://pcpartpicker.com/product/pQNxFT/intel-core-i5-12400f-25-ghz-6-core-processor-bx8071512400f,,21018.0,Intel,BX8071512400F,Intel Core i5,Alder Lake,Alder Lake,LGA1700,6,2.5 GHz,4.4 GHz,,,7.5 MB,18 MB,65 W,,128 GB,No,Yes,Boxed,10 nm,Yes,Yes: Hyper-Threading
AMD Ryzen 9 9900X 4.4 GHz 12-Core Processor,,https://pcpartpicker.com/product/Z6GhP6/amd-ryzen-9-9900x-44-ghz-12-core-processor-100-100000662wof,,45541.0,AMD,100-100000662WOF,AMD Ryzen 9,Zen 5,Granite Ridge,AM5,12,4.4 GHz,5.6 GHz,,,12 MB,64 MB,120 W,Radeon,192 GB,Yes,No,Boxed,4 nm,No,Yes
Intel Core i9-14900K 3.2 GHz 24-Core Processor,,https://pcpartpicker.com/product/ZLjRsY/intel-core-i9-14900k-32-ghz-24-core-processor-bx8071514900k,,54766.0,Intel,BX8071514900K,Intel Core i9,Raptor Lake Refresh,Raptor Lake Refresh,LGA1700,24,3.2 GHz,6 GHz,2.4 GHz,4.4 GHz,32 MB,36 MB,125 W,Intel UHD Graphics 770,192 GB,Yes,No,Boxed,7 nm,No,Yes: Hyper-Threading
AMD Ryzen 7 5800XT 3.8 GHz 8-Core Processor,,https://pcpartpicker.com/product/fN88TW/amd-ryzen-7-5800xt-38-ghz-8-core-processor-100-100001582box,,25574.0,AMD,100-100001582BOX,AMD Ryzen 7,Zen 3,Vermeer,AM4,8,3.8 GHz,4.8 GHz,,,4 MB,32 MB,105 W,,128 GB,No,Yes,Boxed,7 nm,Yes,Yes
AMD Ryzen 5 7500F 3.7 GHz 6-Core OEM/Tray Processor,,https://pcpartpicker.com/product/ms4Zxr/amd-ryzen-5-7500f-37-ghz-6-core-oemtray-processor-100-000000597,,20848.0,AMD,100-000000597,AMD Ryzen 5,Zen 4,Raphael,AM5,6,3.7 GHz,5 GHz,,,6 MB,32 MB,65 W,,128 GB,Yes,No,OEM/Tray,5 nm,No,Yes
AMD Ryzen 5 7600 3.8 GHz 6-Core Processor,https://cdna.pcpartpicker.com/static/forever/images/product/f0d757d712dd7145ecf00152653e5ec1.256p.jpg,https://pcpartpicker.com/product/yXmmP6/amd-ryzen-5-7600-38-ghz-6-core-processor-100-100001015box,,23879.0,AMD,100-100001015BOX,AMD Ryzen 5,Zen 4,Raphael,AM5,6,3.8 GHz,5.1 GHz,,,6 MB,32 MB,65 W,Radeon,128 GB,Yes,Yes,Boxed,5 nm,Yes,Yes
AMD Ryzen 7 5800X3D 3.4 GHz 8-Core Processor,,https://pcpartpicker.com/product/CZ3gXL/amd-ryzen-7-5800x3d-34-ghz-8-core-processor-100-100000651wof,,23351.0,AMD,100-100000651WOF,AMD Ryzen 7,Zen 3,Vermeer-X,AM4,8,3.4 GHz,4.5 GHz,,,4 MB,96 MB,105 W,,128 GB,No,No,Boxed,7 nm,No,Yes
Intel Core Ultra 7 265K 3.9 GHz 20-Core Processor,,https://pcpartpicker.com/product/mBsV3C/intel-core-ultra-7-265k-39-ghz-20-core-processor-bx80768265k,,35252.0,Intel,BX80768265K,Intel Core Ultra 7,Arrow Lake,Arrow Lake,LGA1851,20,3.9 GHz,5.5 GHz,3.3 GHz,4.6 GHz,36 MB,30 MB,125 W,Intel Xe,256 GB,Yes,No,Boxed,3 nm,No,No
AMD Ryzen 9 7900X 4.7 GHz 12-Core Processor,,https://pcpartpicker.com/product/bwxRsY/amd-ryzen-9-7900x-47-ghz-12-core-processor-100-100000589wof,,39153.0,AMD,100-100000589WOF,AMD Ryzen 9,Zen 4,Raphael,AM5,12,4.7 GHz,5.6 GHz,,,12 MB,64 MB,170 W,Radeon,128 GB,Yes,No,Boxed,5 nm,No,Yes
Intel Core Ultra 9 285K 3.7 GHz 24-Core Processor,,https://pcpartpicker.com/product/VHYRsY/intel-core-ultra-9-285k-37-ghz-24-core-processor-bx80768285k,,67727.0,Intel,BX80768285K,Intel Core Ultra 9,Arrow Lake,Arrow Lake,LGA1851,24,3.7 GHz,5.7 GHz,3.2 GHz,4.6 GHz,40 MB,36 MB,125 W,Intel Xe,256 GB,Yes,No,Boxed,3 nm,No,No
Intel Core i5-12600KF 3.7 GHz 10-Core Processor,,https://pcpartpicker.com/product/Tk8bt6/intel-core-i5-12600kf-37-ghz-6-core-processor-bx8071512600kf,,19851.0,Intel,BX8071512600KF,Intel Core i5,Alder Lake,Alder Lake,LGA1700,10,3.7 GHz,4.9 GHz,2.8 GHz,3.6 GHz,9.5 MB,20 MB,125 W,,128 GB,No,No,Boxed,10 nm,No,Yes: Hyper-Threading
Intel Core i5-14600K 3.5 GHz 14-Core Processor,,https://pcpartpicker.com/product/jXFmP6/intel-core-i5-14600k-35-ghz-14-core-processor-bx8071514600k,,32230.0,Intel,BX8071514600K,Intel Core i5,Raptor Lake Refresh,Raptor Lake Refresh,LGA1700,14,3.5 GHz,5.3 GHz,2.6 GHz,4 GHz,20 MB,24 MB,125 W,Intel UHD Graphics 770,192 GB,Yes,No,Boxed,7 nm,No,Yes: Hyper-Threading
AMD Threadripper 3990X 2.9 GHz 64-Core Processor,,https://pcpartpicker.com/product/KWmFf7/amd-threadripper-3990x-29-ghz-64-core-processor-100-100000163wof,,349975.0,AMD,100-100000163WOF,AMD Threadripper,Zen 2,Castle Peak,sTRX4,64,2.9 GHz,4.3 GHz,,,32 MB,256 MB,280 W,,1024 GB,Yes,No,Boxed,7 nm,No,Yes
Intel Core i7-12700KF 3.6 GHz 12-Core Processor,,https://pcpartpicker.com/product/YDM48d/intel-core-i7-12700kf-36-ghz-8-core-processor-bx8071512700kf,,31119.0,Intel,BX8071512700KF,Intel Core i7,Alder Lake,Alder Lake,LGA1700,12,3.6 GHz,5 GHz,2.7 GHz,3.8 GHz,12 MB,25 MB,125 W,,128 GB,No,No,Boxed,10 nm,No,Yes: Hyper-Threading
AMD Ryzen 9 5900X 3.7 GHz 12-Core Processor,,https://pcpartpicker.com/product/KwLwrH/amd-ryzen-9-5900x-37-ghz-12-core-processor-100-100000061wof,,31646.0,AMD,100-100000061WOF,AMD Ryzen 9,Zen 3,Vermeer,AM4,12,3.7 GHz,4.8 GHz,,,6 MB,64 MB,105 W,,128 GB,No,No,Boxed,7 nm,No,Yes
AMD Ryzen 5 7600X3D 4.1 GHz 6-Core Processor,,https://pcpartpicker.com/product/RVhv6h/amd-ryzen-5-7600x3d-41-ghz-6-core-processor-100-100001721wof,,40228.0,AMD,100-100001721WOF,AMD Ryzen 5,Zen 4,Raphael,AM5,6,4.1 GHz,4.7 GHz,,,6 MB,96 MB,65 W,Radeon,128 GB,Yes,No,Boxed,5 nm,No,Yes
AMD Ryzen 9 5950X 3.4 GHz 16-Core Processor,,https://pcpartpicker.com/product/Qk2bt6/amd-ryzen-9-5950x-34-ghz-16-core-processor-100-100000059wof,,45425.0,AMD,100-100000059WOF,AMD Ryzen 9,Zen 3,Vermeer,AM4,16,3.4 GHz,4.9 GHz,,,8 MB,64 MB,105 W,,128 GB,No,No,Boxed,7 nm,No,Yes
AMD Ryzen 7 5700G 3.8 GHz 8-Core Processor,,https://pcpartpicker.com/product/ycGbt6/amd-ryzen-7-5700g-38-ghz-8-core-processor-100-100000263box,,27973.0,AMD,100-100000263BOX,AMD Ryzen 7,Zen 3,Cezanne,AM4,8,3.8 GHz,4.6 GHz,,,4 MB,16 MB,65 W,Radeon Vega 8,128 GB,No,Yes,Boxed,7 nm,Yes,Yes
Intel Core i5-14400F 2.5 GHz 10-Core Processor,https://cdna.pcpartpicker.com/static/forever/images/product/1a89e55daad13315da1822c1630dc26c.256p.jpg,https://pcpartpicker.com/product/QkP8TW/intel-core-i5-14400f-25-ghz-10-core-processor-bx8071514400f,,26040.0,Intel,BX8071514400F,Intel Core i5,Raptor Lake Refresh,Raptor Lake Refresh,LGA1700,10,2.5 GHz,4.7 GHz,1.8 GHz,3.5 GHz,9.5 MB,20 MB,65 W,,192 GB,Yes,Yes,Boxed,7 nm,Yes,Yes: Hyper-Threading
AMD Ryzen 5 8500G 4.1 GHz 6-Core Processor,https://cdna.pcpartpicker.com/static/forever/images/product/2a87a9a2a5a34b013ae637285470d93a.256p.jpg,https://pcpartpicker.com/product/y3XV3C/amd-ryzen-5-8500g-41-ghz-6-core-processor-100-100000931box,,17516.0,AMD,100-100000931BOX,AMD Ryzen 5,Zen 4,Phoenix 2,AM5,6,4.1 GHz,5 GHz,3.3 GHz,3.7 GHz,6 MB,16 MB,65 W,Radeon 740M,,No,Yes,Boxed,4 nm,Yes,Yes
AMD Ryzen 7 3700X 3.6 GHz 8-Core Processor,,https://pcpartpicker.com/product/QKJtt6/amd-ryzen-7-3700x-36-ghz-8-core-processor-100-100000071box,,32580.0,AMD,Ryzen 7 3700X,AMD Ryzen 7,Zen 2,Matisse,AM4,8,3.6 GHz,4.4 GHz,,,4 MB,32 MB,65 W,,128 GB,No,Yes,Boxed,7 nm,Yes,Yes
AMD Ryzen 9 9950X 4.3 GHz 16-Core Processor,,https://pcpartpicker.com/product/T6GhP6/amd-ryzen-9-9950x-43-ghz-16-core-processor-100-100001277wof,,61190.0,AMD,100-100001277WOF,AMD Ryzen 9,Zen 5,Granite Ridge,AM5,16,4.3 GHz,5.7 GHz,,,16 MB,64 MB,170 W,Radeon,192 GB,Yes,No,Boxed,4 nm,No,Yes
AMD Ryzen 5 5600G 3.9 GHz 6-Core Processor,,https://pcpartpicker.com/product/sYmmP6/amd-ryzen-5-5600g-39-ghz-6-core-processor-100-100000252box,,22770.0,AMD,100-100000252BOX,AMD Ryzen 5,Zen 3,Cezanne,AM4,6,3.9 GHz,4.4 GHz,,,3 MB,16 MB,65 W,Radeon Vega 7,128 GB,No,Yes,Boxed,7 nm,Yes,Yes
AMD Ryzen 7 5700X3D 3 GHz 8-Core Processor,https://cdna.pcpartpicker.com/static/forever/images/product/7945bbda871bfbf95a9138fd184f4a6e.256p.jpg,https://pcpartpicker.com/product/3ZKscf/amd-ryzen-7-5700x3d-3-ghz-8-core-processor-100-100001503wof,,,AMD,100-100001503WOF,AMD Ryzen 7,Zen 3,Vermeer-X,AM4,8,3 GHz,4.1 GHz,,,4 MB,96 MB,105 W,,128 GB,No,No,Boxed,7 nm,No,Yes
Intel Core i9-12900K 3.2 GHz 16-Core Processor,,https://pcpartpicker.com/product/gGH7YJ/intel-core-i9-12900k-32-ghz-8-core-processor-bx8071512900k,,47585.0,Intel,BX8071512900K,Intel Core i9,Alder Lake,Alder Lake,LGA1700,16,3.2 GHz,5.2 GHz,2.4 GHz,3.9 GHz,14 MB,30 MB,125 W,Intel UHD Graphics 770,128 GB,No,No,Boxed,10 nm,No,Yes: Hyper-Threading
Intel Core i5-14600KF 3.5 GHz 14-Core Processor,,https://pcpartpicker.com/product/zyyH99/intel-core-i5-14600kf-35-ghz-14-core-processor-bx8071514600kf,,28609.0,Intel,BX8071514600KF,Intel Core i5,Raptor Lake Refresh,Raptor Lake Refresh,LGA1700,14,3.5 GHz,5.3 GHz,2.6 GHz,4 GHz,20 MB,24 MB,125 W,,192 GB,Yes,No,Boxed,7 nm,No,Yes: Hyper-Threading
Intel Core i7-12700K 3.6 GHz 12-Core Processor,,https://pcpartpicker.com/product/ZbddnQ/intel-core-i7-12700k-36-ghz-8-core-processor-bx8071512700k,,33572.0,Intel,BX8071512700K,Intel Core i7,Alder Lake,Alder Lake,LGA1700,12,3.6 GHz,5 GHz,2.7 GHz,3.8 GHz,12 MB,25 MB,125 W,Intel UHD Graphics 770,128 GB,No,No,Boxed,10 nm,No,Yes: Hyper-Threading
Intel Core i5-12600K 3.7 GHz 10-Core Processor,,https://pcpartpicker.com/product/BB4Ycf/intel-core-i5-12600k-37-ghz-6-core-processor-bx8071512600k,,21661.0,Intel,BX8071512600K,Intel Core i5,Alder Lake,Alder Lake,LGA1700,10,3.7 GHz,4.9 GHz,2.8 GHz,3.6 GHz,9.5 MB,20 MB,125 W,Intel UHD Graphics 770,128 GB,No,No,Boxed,10 nm,No,Yes: Hyper-Threading
AMD Ryzen 7 5700 3.7 GHz 8-Core Processor,,https://pcpartpicker.com/product/9NFmP6/amd-ryzen-7-5700-37-ghz-8-core-processor-100-000000743box,,19677.0,AMD,100-000000743BOX,AMD Ryzen 7,Zen 3,Cezanne,AM4,8,3.7 GHz,4.6 GHz,,,4 MB,16 MB,65 W,,128 GB,No,Yes,Boxed,7 nm,Yes,Yes
AMD Ryzen 5 8400F 4.2 GHz 6-Core Processor,https://cdna.pcpartpicker.com/static/forever/images/product/2c2a93ae222699dace151a0f718e21c0.256p.jpg,https://pcpartpicker.com/product/DpcgXL/amd-ryzen-5-8400f-42-ghz-6-core-processor-100-100001591box,,19145.0,AMD,100-100001591BOX,AMD Ryzen 5,Zen 4,Phoenix 1,AM5,6,4.2 GHz,4.7 GHz,,,6 MB,16 MB,65 W,,256 GB,No,Yes,Boxed,4 nm,Yes,Yes
AMD Ryzen 9 9900X3D 4.4 GHz 12-Core Processor,,https://pcpartpicker.com/product/d7TFf7/amd-ryzen-9-9900x3d-44-ghz-12-core-processor-100-1000001368wof,,69948.0,AMD,100-1000001368WOF,AMD Ryzen 9,Zen 5,Granite Ridge,AM5,12,4.4 GHz,5.5 GHz,,,12 MB,128 MB,120 W,Radeon,192 GB,Yes,No,Boxed,4 nm,No,Yes
AMD Ryzen 5 5600XT 3.7 GHz 6-Core Processor,https://cdna.pcpartpicker.com/static/forever/images/product/a010fc03fea2809af2c8fd966fbd483c.256p.jpg,https://pcpartpicker.com/product/GY6NnQ/amd-ryzen-5-5600xt-37-ghz-6-core-processor-100-100001585box,,23060.0,AMD,100-100001585BOX,AMD Ryzen 5,Zen 3,Vermeer,AM4,6,3.7 GHz,4.7 GHz,,,3 MB,32 MB,65 W,,128 GB,Yes,Yes,Boxed,7 nm,Yes,Yes
AMD Ryzen 7 7700 3.6 GHz 8-Core Processor,https://cdna.pcpartpicker.com/static/forever/images/product/6e6bcad6744a6a7302394f2edf5a6e34.256p.jpg,https://pcpartpicker.com/product/dXmmP6/amd-ryzen-7-7700-36-ghz-8-core-processor-100-100000592box,,43195.0,AMD,100-100000592BOX,AMD Ryzen 7,Zen 4,Raphael,AM5,8,3.6 GHz,5.3 GHz,,,8 MB,32 MB,65 W,Radeon,128 GB,Yes,Yes,Boxed,5 nm,Yes,Yes
AMD Ryzen 7 8700F 4.1 GHz 8-Core Processor,https://cdna.pcpartpicker.com/static/forever/images/product/b6ab2ee57b91c56a92a3da6346e47627.256p.jpg,https://pcpartpicker.com/product/CsGhP6/amd-ryzen-7-8700f-41-ghz-8-core-processor-100-100001590box,,29073.0,AMD,100-100001590BOX,AMD Ryzen 7,Zen 4,Phoenix 1,AM5,8,4.1 GHz,5 GHz,,,8 MB,16 MB,65 W,,256 GB,No,Yes,Boxed,4 nm,Yes,Yes
AMD Ryzen 5 4500 3.6 GHz 6-Core Processor,,https://pcpartpicker.com/product/m8BG3C/amd-ryzen-5-4500-36-ghz-6-core-processor-100-100000644box,,11574.0,AMD,100-100000644BOX,AMD Ryzen 5,Zen 2,Renoir-X,AM4,6,3.6 GHz,4.1 GHz,,,3 MB,8 MB,65 W,,128 GB,No,Yes,Boxed,7 nm,Yes,Yes
Intel Core Ultra 7 265KF 3.9 GHz 20-Core Processor,,https://pcpartpicker.com/product/8myH99/intel-core-ultra-7-265kf-39-ghz-20-core-processor-bx80768265kf,,34331.0,Intel,BX80768265KF,Intel Core Ultra 7,Arrow Lake,Arrow Lake,LGA1851,20,3.9 GHz,5.5 GHz,3.3 GHz,4.6 GHz,36 MB,30 MB,125 W,,256 GB,No,No,Boxed,3 nm,No,No
AMD Ryzen 5 5600GT 3.6 GHz 6-Core Processor,https://cdna.pcpartpicker.com/static/forever/images/product/7a6babfed0885332f51c70772687fcd1.256p.jpg,https://pcpartpicker.com/product/7XGhP6/amd-ryzen-5-5600gt-36-ghz-6-core-processor-100-100001488box,,20785.0,AMD,100-100001488BOX,AMD Ryzen 5,Zen 3,Cezanne,AM4,6,3.6 GHz,4.6 GHz,,,3 MB,16 MB,65 W,Radeon Vega 7,128 GB,No,Yes,Boxed,7 nm,Yes,Yes
Intel Core i7-14700F 2.1 GHz 20-Core Processor,https://cdna.pcpartpicker.com/static/forever/images/product/367d869b80f32e8faa3075378677e28e.256p.jpg,https://pcpartpicker.com/product/9jCZxr/intel-core-i7-14700f-21-ghz-20-core-processor-bx8071514700f,,45644.0,Intel,BX8071514700F,Intel Core i7,Raptor Lake Refresh,Raptor Lake Refresh,LGA1700,20,2.1 GHz,5.4 GHz,1.5 GHz,4.2 GHz,28 MB,33 MB,65 W,,192 GB,Yes,Yes,Boxed,7 nm,Yes,Yes: Hyper-Threading
AMD Ryzen 3 3200G 3.6 GHz Quad-Core Processor,https://cdna.pcpartpicker.com/static/forever/images/product/3567a863156c083a7d4c8fcb7e0dbdac.256p.jpg,https://pcpartpicker.com/product/J8drxr/amd-ryzen-3-3200g-36-ghz-quad-core-processor-yd3200c5fhbox,,7519.0,AMD,Ryzen 3 3200G,AMD Ryzen 3,Zen+,Picasso,AM4,4,3.6 GHz,4 GHz,,,2 MB,4 MB,65 W,Radeon Vega 8,64 GB,No,Yes,Boxed,12 nm,Yes,No
Intel Core i3-12100F 3.3 GHz Quad-Core Processor,https://cdna.pcpartpicker.com/static/forever/images/product/c67d8f42c0e57b268f068172e9a3f571.256p.jpg,https://pcpartpicker.com/product/grhFf7/intel-core-i3-12100f-33-ghz-quad-core-processor-bx8071512100f,,11325.0,Intel,BX8071512100F,Intel Core i3,Alder Lake,Alder Lake,LGA1700,4,3.3 GHz,4.3 GHz,,,5 MB,12 MB,58 W,,128 GB,No,Yes,Boxed,10 nm,Yes,Yes: Hyper-Threading
Intel Core i9-14900KF 3.2 GHz 24-Core Processor,,https://pcpartpicker.com/product/YJRwrH/intel-core-i9-14900kf-32-ghz-24-core-processor-bx8071514900kf,,54883.0,Intel,BX8071514900KF,Intel Core i9,Raptor Lake Refresh,Raptor Lake Refresh,LGA1700,24,3.2 GHz,6 GHz,2.4 GHz,4.4 GHz,32 MB,36 MB,125 W,,192 GB,Yes,No,Boxed,7 nm,No,Yes: Hyper-Threading
Intel Core Ultra 5 225F 3.3 GHz 10-Core Processor,,https://pcpartpicker.com/product/pkdMnQ/intel-core-ultra-5-225f-33-ghz-10-core-processor-bx80768225f,,18448.0,Intel,BX80768225F,Intel Core Ultra 5,Arrow Lake,Arrow Lake,LGA1851,10,3.3 GHz,4.9 GHz,2.7 GHz,4.4 GHz,22 MB,20 MB,65 W,,256 GB,No,Yes,Boxed,3 nm,Yes,No
Intel Core i5-10400F 2.9 GHz 6-Core Processor,,https://pcpartpicker.com/product/vrhmP6/intel-core-i5-10400f-29-ghz-6-core-processor-bx8070110400f,,17768.0,Intel,BX8070110400F,Intel Core i5,Comet Lake,Comet Lake,LGA1200,6,2.9 GHz,4.3 GHz,,,1.5 MB,12 MB,65 W,,128 GB,No,Yes,Boxed,14 nm,Yes,Yes: Hyper-Threading
AMD Ryzen 5 2600 3.4 GHz 6-Core Processor,,https://pcpartpicker.com/product/jLF48d/amd-ryzen-5-2600-34ghz-6-core-processor-yd2600bbafbox,,11676.0,AMD,YD2600BBAFBOX,AMD Ryzen 5,Zen+,Pinnacle Ridge,AM4,6,3.4 GHz,3.9 GHz,,,3 MB,15.99 MB,65 W,,64 GB,No,Yes,Boxed,12 nm,Yes,Yes
Intel Core Ultra 5 245K 4.2 GHz 14-Core Processor,,https://pcpartpicker.com/product/xNXV3C/intel-core-ultra-5-245k-42-ghz-14-core-processor-bx80768245k,,26845.0,Intel,BX80768245K,Intel Core Ultra 5,Arrow Lake,Arrow Lake,LGA1851,14,4.2 GHz,5.2 GHz,3.6 GHz,4.6 GHz,26 MB,24 MB,125 W,Intel Xe,256 GB,Yes,No,Boxed,3 nm,No,No
Intel Core i7-9700K 3.6 GHz 8-Core Processor,,https://pcpartpicker.com/product/WtyV3C/intel-core-i7-9700k-36ghz-8-core-processor-bx80684i79700k,,30245.0,Intel,BX80684I79700K,Intel Core i7,Coffee Lake Refresh,Coffee Lake Refresh,LGA1151,8,3.6 GHz,4.9 GHz,,,2 MB,12 MB,95 W,Intel UHD Graphics 630,128 GB,No,No,Boxed,14 nm,No,No
Intel Core i7-14700KF 3.4 GHz 20-Core Processor,,https://pcpartpicker.com/product/TWP8TW/intel-core-i7-14700kf-34-ghz-20-core-processor-bx8071514700kf,,43206.0,Intel,BX8071514700KF,Intel Core i7,Raptor Lake Refresh,Raptor Lake Refresh,LGA1700,20,3.4 GHz,5.6 GHz,2.5 GHz,4.3 GHz,28 MB,33 MB,125 W,,192 GB,Yes,No,Boxed,7 nm,No,Yes: Hyper-Threading
AMD Ryzen 9 7950X3D 4.2 GHz 16-Core Processor,,https://pcpartpicker.com/product/X6XV3C/amd-ryzen-9-7950x3d-42-ghz-16-core-processor-100-100000908wof,,76019.0,AMD,100-100000908WOF,AMD Ryzen 9,Zen 4,Raphael,AM5,16,4.2 GHz,5.7 GHz,,,16 MB,128 MB,120 W,Radeon,128 GB,Yes,No,Boxed,5 nm,No,Yes
AMD Ryzen 5 7500F 3.7 GHz 6-Core Processor,,https://pcpartpicker.com/product/zGn9TW/amd-ryzen-5-7500f-37-ghz-6-core-processor-100-100000597box,,,AMD,100-100000597BOX,AMD Ryzen 5,Zen 4,Raphael,AM5,6,3.7 GHz,5 GHz,,,6 MB,32 MB,65 W,,128 GB,Yes,Yes,Boxed,5 nm,Yes,Yes
Intel Core i5-13400F 2.5 GHz 10-Core Processor,,https://pcpartpicker.com/product/VNkWGX/intel-core-i5-13400f-25-ghz-10-core-processor-bx8071513400f,,26276.0,Intel,BX8071513400F,Intel Core i5,Raptor Lake,Raptor Lake,LGA1700,10,2.5 GHz,4.6 GHz,1.8 GHz,3.3 GHz,9.5 MB,20 MB,65 W,,192 GB,No,Yes,Boxed,10 nm,Yes,Yes: Hyper-Threading
AMD Ryzen 9 5900XT 3.3 GHz 16-Core Processor,,https://pcpartpicker.com/product/nYvD4D/amd-ryzen-9-5900xt-33-ghz-16-core-processor-100-100001581wof,,38252.0,AMD,100-100001581WOF,AMD Ryzen 9,Zen 3,Vermeer,AM4,16,3.3 GHz,4.8 GHz,,,8 MB,64 MB,105 W,,128 GB,No,No,Boxed,7 nm,No,Yes
AMD Ryzen 5 3400G 3.7 GHz Quad-Core Processor,https://cdna.pcpartpicker.com/static/forever/images/product/43e2914b40ccb9ab7ce39eb656db3b44.256p.jpg,https://pcpartpicker.com/product/XP6qqs/amd-ryzen-5-3400g-37-ghz-quad-core-processor-ryzen-5-3400g,,9459.0,AMD,Ryzen 5 3400G,AMD Ryzen 5,Zen+,Picasso,AM4,4,3.7 GHz,4.2 GHz,,,2 MB,4 MB,65 W,Radeon Vega 11,64 GB,No,Yes,Boxed,12 nm,Yes,Yes
Intel Core i7-8700K 3.7 GHz 6-Core Processor,,https://pcpartpicker.com/product/sxDzK8/intel-core-i7-8700k-37ghz-6-core-processor-bx80684i78700k,,22654.0,Intel,BX80684I78700K,Intel Core i7,Coffee Lake,Coffee Lake,LGA1151,6,3.7 GHz,4.7 GHz,,,1.5 MB,12 MB,95 W,Intel UHD Graphics 630,128 GB,No,No,Boxed,14 nm,No,Yes: Hyper-Threading
AMD Ryzen 7 8700G 4.2 GHz 8-Core Processor,https://cdna.pcpartpicker.com/static/forever/images/product/e5ca60dc2137886fac6e13e30aad8ed9.256p.jpg,https://pcpartpicker.com/product/K4vD4D/amd-ryzen-7-8700g-42-ghz-8-core-processor-100-100001236box,,35615.0,AMD,100-100001236BOX,AMD Ryzen 7,Zen 4,Phoenix 1,AM5,8,4.2 GHz,5.1 GHz,,,8 MB,16 MB,65 W,Radeon 780M,,No,Yes,Boxed,4 nm,Yes,Yes
AMD Ryzen 5 3600X 3.8 GHz 6-Core Processor,,https://pcpartpicker.com/product/3WYLrH/amd-ryzen-5-3600x-38-ghz-6-core-processor-100-100000022box,,,AMD,Ryzen 5 3600X,AMD Ryzen 5,Zen 2,Matisse,AM4,6,3.8 GHz,4.4 GHz,,,3 MB,32 MB,95 W,,128 GB,No,Yes,Boxed,7 nm,Yes,Yes
Intel Core i9-12900KF 3.2 GHz 16-Core Processor,,https://pcpartpicker.com/product/2sstt6/intel-core-i9-12900kf-32-ghz-8-core-processor-bx8071512900kf,,38752.0,Intel,BX8071512900KF,Intel Core i9,Alder Lake,Alder Lake,LGA1700,16,3.2 GHz,5.2 GHz,2.4 GHz,3.9 GHz,14 MB,30 MB,125 W,,128 GB,No,No,Boxed,10 nm,No,Yes: Hyper-Threading
AMD Ryzen 5 5500GT 3.6 GHz 6-Core Processor,,https://pcpartpicker.com/product/VcvD4D/amd-ryzen-5-5500gt-36-ghz-6-core-processor-100-100001489box,,18579.0,AMD,100-100001489BOX,AMD Ryzen 5,Zen 3,Cezanne,AM4,6,3.6 GHz,4.4 GHz,,,3 MB,16 MB,65 W,Radeon Vega 7,128 GB,No,Yes,Boxed,7 nm,Yes,Yes
Intel Core Ultra 5 245KF 4.2 GHz 14-Core Processor,,https://pcpartpicker.com/product/k7cgXL/intel-core-ultra-5-245kf-42-ghz-14-core-processor-bx80768245kf,,23646.0,Intel,BX80768245KF,Intel Core Ultra 5,Arrow Lake,Arrow Lake,LGA1851,14,4.2 GHz,5.2 GHz,3.6 GHz,4.6 GHz,26 MB,24 MB,125 W,,256 GB,No,No,Boxed,3 nm,No,No
AMD Ryzen 7 2700X 3.7 GHz 8-Core Processor,,https://pcpartpicker.com/product/bddxFT/amd-ryzen-7-2700x-37ghz-8-core-processor-yd270xbgafbox,,15880.0,AMD,YD270XBGAFBOX,AMD Ryzen 7,Zen+,Pinnacle Ridge,AM4,8,3.7 GHz,4.3 GHz,,,4 MB,16 MB,105 W,,64 GB,No,Yes,Boxed,12 nm,Yes,Yes
AMD Ryzen 5 8600G 4.3 GHz 6-Core Processor,https://cdna.pcpartpicker.com/static/forever/images/product/d5ae2e9f000a9c994f70e092b05c80ef.256p.jpg,https://pcpartpicker.com/product/QqyH99/amd-ryzen-5-8600g-43-ghz-6-core-processor-100-100001237box,,21837.0,AMD,100-100001237BOX,AMD Ryzen 5,Zen 4,Phoenix 1,AM5,6,4.3 GHz,5 GHz,,,6 MB,16 MB,65 W,Radeon 760M,,No,Yes,Boxed,4 nm,Yes,Yes
Intel Core i9-9900K 3.6 GHz 8-Core Processor,,https://pcpartpicker.com/product/jHZFf7/intel-core-i9-9900k-36ghz-8-core-processor-bx80684i99900k,,52432.0,Intel,BX80684I99900K,Intel Core i9,Coffee Lake Refresh,Coffee Lake Refresh,LGA1151,8,3.6 GHz,5 GHz,,,2 MB,16 MB,95 W,Intel UHD Graphics 630,128 GB,No,No,Boxed,14 nm,No,Yes: Hyper-Threading
Intel Core i7-13700K 3.4 GHz 16-Core Processor,,https://pcpartpicker.com/product/Mm6p99/intel-core-i7-13700k-34-ghz-16-core-processor-bx8071513700k,,,Intel,BX8071513700K,Intel Core i7,Raptor Lake,Raptor Lake,LGA1700,16,3.4 GHz,5.4 GHz,2.5 GHz,4.2 GHz,24 MB,30 MB,125 W,Intel UHD Graphics 770,192 GB,Yes,No,Boxed,10 nm,No,Yes: Hyper-Threading
Intel Core i3-14100F 3.5 GHz Quad-Core Processor,https://cdna.pcpartpicker.com/static/forever/images/product/874cc0e600bde06d75755309677a87e2.256p.jpg,https://pcpartpicker.com/product/R7qrxr/intel-core-i3-14100f-35-ghz-quad-core-processor-bx8071514100f,,12913.0,Intel,BX8071514100F,Intel Core i3,Raptor Lake Refresh,Raptor Lake Refresh,LGA1700,4,3.5 GHz,4.7 GHz,,,5 MB,12 MB,58 W,,192 GB,Yes,Yes,Boxed,7 nm,Yes,Yes: Hyper-Threading
AMD Ryzen 7 7800X3D 4.2 GHz 8-Core OEM/Tray Processor,,https://pcpartpicker.com/product/CzZWGX/amd-ryzen-7-7800x3d-42-ghz-8-core-oemtray-processor-100-000000910,,46680.0,AMD,100-000000910,AMD Ryzen 7,Zen 4,Raphael,AM5,8,4.2 GHz,5 GHz,,,8 MB,96 MB,120 W,Radeon,128 GB,Yes,No,OEM/Tray,5 nm,No,Yes
Intel Core i7-7700K 4.2 GHz Quad-Core Processor,,https://pcpartpicker.com/product/VKx9TW/intel-core-i7-7700k-42ghz-quad-core-processor-bx80677i77700k,,21603.0,Intel,BX80677I77700K,Intel Core i7,Kaby Lake,Kaby Lake-S,LGA1151,4,4.2 GHz,4.5 GHz,,,1 MB,8 MB,91 W,Intel HD Graphics 630,64 GB,No,No,Boxed,14 nm,No,Yes: Hyper-Threading
AMD Ryzen 9 3900X 3.8 GHz 12-Core Processor,,https://pcpartpicker.com/product/tLCD4D/amd-ryzen-9-3900x-36-ghz-12-core-processor-100-100000023box,,,AMD,Ryzen 9 3900X,AMD Ryzen 9,Zen 2,Matisse,AM4,12,3.8 GHz,4.6 GHz,,,6 MB,64 MB,105 W,,128 GB,No,Yes,Boxed,7 nm,Yes,Yes
Intel Core i9-14900KS 3.2 GHz 24-Core Processor,,https://pcpartpicker.com/product/3ZmNnQ/intel-core-i9-14900ks-32-ghz-24-core-processor-bx8071514900ks,,81741.0,Intel,BX8071514900KS,Intel Core i9,Raptor Lake Refresh,Raptor Lake Refresh,LGA1700,24,3.2 GHz,6.2 GHz,2.4 GHz,4.5 GHz,32 MB,36 MB,150 W,Intel UHD Graphics 770,192 GB,Yes,No,Boxed,7 nm,No,Yes: Hyper-Threading
AMD Ryzen 3 4100 3.8 GHz Quad-Core Processor,,https://pcpartpicker.com/product/drBG3C/amd-ryzen-3-4100-38-ghz-quad-core-processor-100-100000510box,,8057.0,AMD,100-100000510BOX,AMD Ryzen 3,Zen 2,Renoir-X,AM4,4,3.8 GHz,4 GHz,,,2 MB,4 MB,65 W,,128 GB,No,Yes,Boxed,7 nm,Yes,Yes
Intel Celeron E3400 2.6 GHz Dual-Core Processor,,https://pcpartpicker.com/product/CxvRsY/intel-cpu-bx80571e3400,,2216.0,Intel,BX80571E3400,Intel Celeron,Wolfdale,Wolfdale,LGA775,2,2.6 GHz,,,,1 MB,0 MB,65 W,,,No,Yes,Boxed,45 nm,Yes,No
AMD Ryzen 9 7950X 4.5 GHz 16-Core Processor,,https://pcpartpicker.com/product/22XJ7P/amd-ryzen-9-7950x-45-ghz-16-core-processor-100-100000514wof,,86282.0,AMD,100-100000514WOF,AMD Ryzen 9,Zen 4,Raphael,AM5,16,4.5 GHz,5.7 GHz,,,16 MB,64 MB,170 W,Radeon,128 GB,Yes,No,Boxed,5 nm,No,Yes
Intel Core i5-13600K 3.5 GHz 14-Core Processor,,https://pcpartpicker.com/product/LfNxFT/intel-core-i5-13600k-35-ghz-14-core-processor-bx8071513600k,,37251.0,Intel,BX8071513600K,Intel Core i5,Raptor Lake,Raptor Lake,LGA1700,14,3.5 GHz,5.1 GHz,2.6 GHz,3.9 GHz,20 MB,24 MB,125 W,Intel UHD Graphics 770,192 GB,Yes,No,Boxed,10 nm,No,Yes: Hyper-Threading
Intel Core i7-10700K 3.8 GHz 8-Core Processor,,https://pcpartpicker.com/product/yhxbt6/intel-core-i7-10700k-38-ghz-8-core-processor-bx8070110700k,,46826.0,Intel,BX8070110700K,Intel Core i7,Comet Lake,Comet Lake,LGA1200,8,3.8 GHz,5.1 GHz,,,2 MB,16 MB,125 W,Intel UHD Graphics 630,128 GB,No,No,Boxed,14 nm,No,Yes: Hyper-Threading
AMD Ryzen 5 7500X3D 4 GHz 6-Core OEM/Tray Processor,,https://pcpartpicker.com/product/bsgZxr/amd-ryzen-5-7500x3d-4-ghz-6-core-oemtray-processor-100-000001904,,,AMD,100-000001904,AMD Ryzen 5,Zen 4,Raphael,AM5,6,4 GHz,4.5 GHz,,,6 MB,96 MB,65 W,Radeon,128 GB,Yes,No,OEM/Tray,5 nm,No,Yes
Intel Core i9-13900K 3 GHz 24-Core Processor,,https://pcpartpicker.com/product/DhVmP6/intel-core-i9-13900k-3-ghz-24-core-processor-bx8071513900k,,64925.0,Intel,BX8071513900K,Intel Core i9,Raptor Lake,Raptor Lake,LGA1700,24,3 GHz,5.8 GHz,2.2 GHz,4.3 GHz,32 MB,36 MB,125 W,Intel UHD Graphics 770,192 GB,Yes,No,Boxed,10 nm,No,Yes: Hyper-Threading
Intel Core i3-10100F 3.6 GHz Quad-Core Processor,,https://pcpartpicker.com/product/r8Dkcf/intel-core-i3-10100f-36-ghz-quad-core-processor-bx8070110100f,,5838.0,Intel,BX8070110100F,Intel Core i3,Comet Lake,Comet Lake,LGA1200,4,3.6 GHz,4.3 GHz,,,1 MB,6 MB,65 W,,128 GB,No,Yes,Boxed,14 nm,Yes,Yes: Hyper-Threading
Intel Core i5-9400F 2.9 GHz 6-Core Processor,,https://pcpartpicker.com/product/T47v6h/intel-core-i5-9400f-29-ghz-6-core-processor-bx80684i59400f,,14012.0,Intel,BX80684I59400F,Intel Core i5,Coffee Lake Refresh,Coffee Lake Refresh,LGA1151,6,2.9 GHz,4.1 GHz,,,1.5 MB,9 MB,65 W,,128 GB,No,Yes,Boxed,14 nm,Yes,No
AMD Ryzen 9 7900X3D 4.4 GHz 12-Core Processor,,https://pcpartpicker.com/product/XccgXL/amd-ryzen-9-7900x3d-44-ghz-12-core-processor-100-100000909wof,,89916.0,AMD,100-100000909WOF,AMD Ryzen 9,Zen 4,Raphael,AM5,12,4.4 GHz,5.6 GHz,,,12 MB,128 MB,120 W,Radeon,128 GB,Yes,No,Boxed,5 nm,No,Yes
Intel Core i7-6700K 4 GHz Quad-Core Processor,,https://pcpartpicker.com/product/tdmxFT/intel-cpu-bx80662i76700k,,14642.0,Intel,BX80662I76700K,Intel Core i7,Skylake,Skylake-S,LGA1151,4,4 GHz,4.2 GHz,,,1 MB,8 MB,91 W,Intel HD Graphics 530,64 GB,No,No,Boxed,14 nm,No,Yes: Hyper-Threading
AMD Ryzen 5 1600 (14nm) 3.2 GHz 6-Core Processor,,https://pcpartpicker.com/product/mV98TW/amd-ryzen-5-1600-32ghz-6-core-processor-yd1600bbaebox,,9160.0,AMD,YD1600BBAEBOX,AMD Ryzen 5,Zen,Summit Ridge,AM4,6,3.2 GHz,3.6 GHz,,,3 MB,16 MB,65 W,,,No,Yes,Boxed,14 nm,Yes,Yes
Intel Core i5-11400F 2.6 GHz 6-Core Processor,,https://pcpartpicker.com/product/qp2WGX/intel-core-i5-11400f-26-ghz-6-core-processor-bx8070811400f,,18683.0,Intel,BX8070811400F,Intel Core i5,Rocket Lake,Rocket Lake-S,LGA1200,6,2.6 GHz,4.4 GHz,,,3 MB,12 MB,65 W,,128 GB,No,Yes,Boxed,14 nm,Yes,Yes: Hyper-Threading
AMD Ryzen 7 3800X 3.9 GHz 8-Core Processor,,https://pcpartpicker.com/product/qryV3C/amd-ryzen-7-3800x-39-ghz-8-core-processor-100-100000025box,,87464.0,AMD,Ryzen 7 3800X,AMD Ryzen 7,Zen 2,Matisse,AM4,8,3.9 GHz,4.5 GHz,,,4 MB,32 MB,105 W,,128 GB,No,Yes,Boxed,7 nm,Yes,Yes
AMD Threadripper 3970X 3.7 GHz 32-Core Processor,https://cdna.pcpartpicker.com/static/forever/images/product/f2cacb6e0f6003d798989357654aff3c.256p.jpg,https://pcpartpicker.com/product/rkwkcf/amd-threadripper-3970x-37-ghz-32-core-processor-100-100000011wof,,186839.0,AMD,100-100000011WOF,AMD Threadripper,Zen 2,Castle Peak,sTRX4,32,3.7 GHz,4.5 GHz,,,16 MB,128 MB,280 W,,512 GB,Yes,No,Boxed,7 nm,No,Yes
Intel Core i5-14400 2.5 GHz 10-Core Processor,https://cdna.pcpartpicker.com/static/forever/images/product/be9f67b5c1dc033e0373e28beba6a220.256p.jpg,https://pcpartpicker.com/product/37qrxr/intel-core-i5-14400-25-ghz-10-core-processor-bx8071514400,,35539.0,Intel,BX8071514400,Intel Core i5,Raptor Lake Refresh,Raptor Lake Refresh,LGA1700,10,2.5 GHz,4.7 GHz,1.8 GHz,3.5 GHz,9.5 MB,20 MB,65 W,Intel UHD Graphics 730,192 GB,Yes,Yes,Boxed,7 nm,Yes,Yes: Hyper-Threading
Intel Core i5-12400 2.5 GHz 6-Core Processor,https://cdna.pcpartpicker.com/static/forever/images/product/331bcd7f5044608c8b4e0a2437219229.256p.jpg,https://pcpartpicker.com/product/tLKKHx/intel-core-i5-12400-25-ghz-6-core-processor-bx8071512400,,26156.0,Intel,BX8071512400,Intel Core i5,Alder Lake,Alder Lake,LGA1700,6,2.5 GHz,4.4 GHz,,,7.5 MB,18 MB,65 W,Intel UHD Graphics 730,128 GB,No,Yes,Boxed,10 nm,Yes,Yes: Hyper-Threading
AMD Ryzen 9 7900 3.7 GHz 12-Core Processor,https://cdna.pcpartpicker.com/static/forever/images/product/119ef93ef95a60950418031082149c5b.256p.jpg,https://pcpartpicker.com/product/P3cG3C/amd-ryzen-9-7900-36-ghz-12-core-processor-100-100000590box,,45659.0,AMD,100-100000590BOX,AMD Ryzen 9,Zen 4,Raphael,AM5,12,3.7 GHz,5.4 GHz,,,12 MB,64 MB,65 W,Radeon,128 GB,Yes,Yes,Boxed,5 nm,Yes,Yes
Intel Core i7-8700 3.2 GHz 6-Core Processor,,https://pcpartpicker.com/product/C9hj4D/intel-core-i7-8700-32ghz-6-core-processor-bx80684i78700,,16075.0,Intel,BX80684I78700,Intel Core i7,Coffee Lake,Coffee Lake,LGA1151,6,3.2 GHz,4.6 GHz,,,1.5 MB,12 MB,65 W,Intel UHD Graphics 630,128 GB,No,Yes,Boxed,14 nm,Yes,Yes: Hyper-Threading
Intel Core i5-9600K 3.7 GHz 6-Core Processor,,https://pcpartpicker.com/product/28qhP6/intel-core-i5-9600k-37ghz-6-core-processor-bx80684i59600k,,16900.0,Intel,BX80684I59600K,Intel Core i5,Coffee Lake Refresh,Coffee Lake Refresh,LGA1151,6,3.7 GHz,4.6 GHz,,,1.5 MB,9 MB,95 W,Intel UHD Graphics 630,128 GB,No,No,Boxed,14 nm,No,No
Intel Core i7-11700K 3.6 GHz 8-Core Processor,,https://pcpartpicker.com/product/VW3gXL/intel-core-i7-11700k-36-ghz-8-core-processor-bx8070811700k,,41922.0,Intel,BX8070811700K,Intel Core i7,Rocket Lake,Rocket Lake-S,LGA1200,8,3.6 GHz,5 GHz,,,4 MB,16 MB,125 W,Intel UHD Graphics 750,128 GB,No,No,Boxed,14 nm,No,Yes: Hyper-Threading
Intel Xeon E5-2687W V4 3 GHz 12-Core Processor,,https://pcpartpicker.com/product/YMbkcf/intel-cpu-bx80660e52687v4,,293561.0,Intel,BX80660E52687V4,Intel Xeon E5,Broadwell,Broadwell-EP,LGA2011-3,12,3 GHz,3.5 GHz,,,3 MB,30 MB,160 W,,1536 GB,Yes,No,Boxed,14 nm,No,Yes: Hyper-Threading
Intel Core i7-12700F 2.1 GHz 12-Core Processor,,https://pcpartpicker.com/product/LT3gXL/intel-core-i7-12700f-21-ghz-12-core-processor-bx8071512700f,,33513.0,Intel,BX8071512700F,Intel Core i7,Alder Lake,Alder Lake,LGA1700,12,2.1 GHz,4.9 GHz,1.6 GHz,3.6 GHz,12 MB,25 MB,65 W,,128 GB,No,Yes,Boxed,10 nm,Yes,Yes: Hyper-Threading
AMD Ryzen 5 2600X 3.6 GHz 6-Core Processor,,https://pcpartpicker.com/product/6mm323/amd-ryzen-5-2600x-36ghz-6-core-processor-yd260xbcafbox,,29835.0,AMD,YD260XBCAFBOX,AMD Ryzen 5,Zen+,Pinnacle Ridge,AM4,6,3.6 GHz,4.2 GHz,,,3 MB,15.99 MB,95 W,,64 GB,No,Yes,Boxed,12 nm,Yes,Yes
Intel Core i3-6100 3.7 GHz Dual-Core Processor,https://m.media-amazon.com/images/I/51m7931xzhL.jpg,https://pcpartpicker.com/product/hV7CmG/intel-cpu-bx80662i36100,,2471.0,Intel,BX80662I36100,Intel Core i3,Skylake,Skylake-S,LGA1151,2,3.7 GHz,,,,0.5 MB,3 MB,51 W,Intel HD Graphics 530,64 GB,Yes,Yes,Boxed,14 nm,Yes,Yes: Hyper-Threading
Intel Core i7-7700 3.6 GHz Quad-Core Processor,,https://pcpartpicker.com/product/9mRFf7/intel-core-i7-7700-36ghz-quad-core-processor-bx80677i77700,,11969.0,Intel,BX80677I77700,Intel Core i7,Kaby Lake,Kaby Lake-S,LGA1151,4,3.6 GHz,4.2 GHz,,,1 MB,8 MB,65 W,Intel HD Graphics 630,64 GB,No,Yes,Boxed,14 nm,Yes,Yes: Hyper-Threading
Intel Core i7-6700 3.4 GHz Quad-Core Processor,,https://pcpartpicker.com/product/7V7CmG/intel-cpu-bx80662i76700,,11347.0,Intel,BX80662I76700,Intel Core i7,Skylake,Skylake-S,LGA1151,4,3.4 GHz,4 GHz,,,1 MB,8 MB,65 W,Intel HD Graphics 530,64 GB,No,Yes,Boxed,14 nm,Yes,Yes: Hyper-Threading
Intel Core i5-13600KF 3.5 GHz 14-Core Processor,,https://pcpartpicker.com/product/GVM48d/intel-core-i5-13600kf-35-ghz-14-core-processor-bx8071513600kf,,35031.0,Intel,BX8071513600KF,Intel Core i5,Raptor Lake,Raptor Lake,LGA1700,14,3.5 GHz,5.1 GHz,2.6 GHz,3.9 GHz,20 MB,24 MB,125 W,,192 GB,No,No,Boxed,10 nm,No,Yes: Hyper-Threading
Intel Core Ultra 7 265F 2.4 GHz 20-Core Processor,,https://pcpartpicker.com/product/hw62FT/intel-core-ultra-7-265f-24-ghz-20-core-processor-bx80768265f,,40871.0,Intel,BX80768265F,Intel Core Ultra 7,Arrow Lake,Arrow Lake,LGA1851,20,2.4 GHz,5.3 GHz,1.8 GHz,4.6 GHz,36 MB,30 MB,65 W,,256 GB,No,Yes,Boxed,3 nm,Yes,No
Intel Core i7-4790K 4 GHz Quad-Core Processor,,https://pcpartpicker.com/product/6vzv6h/intel-cpu-bx80646i74790k,,,Intel,BX80646I74790K,Intel Core i7,Haswell Refresh,Haswell Refresh,LGA1150,4,4 GHz,4.4 GHz,,,1 MB,8 MB,88 W,Intel HD Graphics 4600,,No,Yes,Boxed,22 nm,Yes,Yes: Hyper-Threading
Intel Core i5-6500 3.2 GHz Quad-Core Processor,https://m.media-amazon.com/images/I/51LGOgLV8TL.jpg,https://pcpartpicker.com/product/xwhj4D/intel-cpu-bx80662i56500,,10859.0,Intel,BX80662I56500,Intel Core i5,Skylake,Skylake-S,LGA1151,4,3.2 GHz,3.6 GHz,,,1 MB,6 MB,65 W,Intel HD Graphics 530,64 GB,No,Yes,Boxed,14 nm,Yes,No
AMD Ryzen 5 9600 3.8 GHz 6-Core Processor,https://cdna.pcpartpicker.com/static/forever/images/product/27f7a8fb1bb5a1949879ec482c922757.256p.jpg,https://pcpartpicker.com/product/QmqNnQ/amd-ryzen-5-9600-38-ghz-6-core-processor-100-100000718box,,32134.0,AMD,100-100000718BOX,AMD Ryzen 5,Zen 5,Granite Ridge,AM5,6,3.8 GHz,5.2 GHz,,,6 MB,32 MB,65 W,Radeon,192 GB,Yes,Yes,Boxed,4 nm,Yes,Yes
Intel Core i9-10900K 3.7 GHz 10-Core Processor,,https://pcpartpicker.com/product/cwFKHx/intel-core-i9-10900k-37-ghz-10-core-processor-bx8070110900k,,70781.0,Intel,BX8070110900K,Intel Core i9,Comet Lake,Comet Lake,LGA1200,10,3.7 GHz,5.3 GHz,,,2.5 MB,20 MB,125 W,Intel UHD Graphics 630,128 GB,No,No,Boxed,14 nm,No,Yes: Hyper-Threading
Intel Core i5-10400 2.9 GHz 6-Core Processor,,https://pcpartpicker.com/product/X8snTW/intel-core-i5-10400-29-ghz-6-core-processor-bx8070110400,,21836.0,Intel,BX8070110400,Intel Core i5,Comet Lake,Comet Lake,LGA1200,6,2.9 GHz,4.3 GHz,,,1.5 MB,12 MB,65 W,Intel UHD Graphics 630,128 GB,No,Yes,Boxed,14 nm,Yes,Yes: Hyper-Threading
Intel Core i7-10700F 2.9 GHz 8-Core Processor,https://cdna.pcpartpicker.com/static/forever/images/product/10ec5737be6d836dd041f66eaa76bcf4.256p.jpg,https://pcpartpicker.com/product/PCvqqs/intel-core-i7-10700f-29-ghz-8-core-processor-bx8070110700f,,35292.0,Intel,BX8070110700F,Intel Core i7,Comet Lake,Comet Lake,LGA1200,8,2.9 GHz,4.8 GHz,,,2 MB,16 MB,65 W,,128 GB,No,Yes,Boxed,14 nm,Yes,Yes: Hyper-Threading
AMD Ryzen 7 7700 3.6 GHz 8-Core OEM/Tray Processor,,https://pcpartpicker.com/product/zrRnTW/amd-ryzen-7-7700-36-ghz-8-core-oemtray-processor-100-000000592,,49883.0,AMD,100-000000592,AMD Ryzen 7,Zen 4,Raphael,AM5,8,3.6 GHz,5.3 GHz,,,8 MB,32 MB,65 W,Radeon,128 GB,Yes,No,OEM/Tray,5 nm,No,Yes
Intel Core i5-8400 2.8 GHz 6-Core Processor,,https://pcpartpicker.com/product/LHYWGX/intel-core-i5-8400-28ghz-6-core-processor-bx80684i58400,,19851.0,Intel,BX80684I58400,Intel Core i5,Coffee Lake,Coffee Lake,LGA1151,6,2.8 GHz,4 GHz,,,1.5 MB,9 MB,65 W,Intel UHD Graphics 630,128 GB,No,Yes,Boxed,14 nm,Yes,No
AMD Ryzen 9 3950X 3.5 GHz 16-Core Processor,https://cdna.pcpartpicker.com/static/forever/images/product/bb4c0b72e3f78893b1e5b19ab570b2c1.256p.jpg,https://pcpartpicker.com/product/t7CFf7/amd-ryzen-9-3950x-35-ghz-16-core-processor-100-100000051wof,,46709.0,AMD,100-100000051WOF,AMD Ryzen 9,Zen 2,Matisse,AM4,16,3.5 GHz,4.7 GHz,,,8 MB,64 MB,105 W,,128 GB,No,No,Boxed,7 nm,No,Yes
Intel Core i7-13700F 2.1 GHz 16-Core Processor,,https://pcpartpicker.com/product/xz8bt6/intel-core-i7-13700f-21-ghz-16-core-processor-bx8071513700f,,44957.0,Intel,BX8071513700F,Intel Core i7,Raptor Lake,Raptor Lake,LGA1700,16,2.1 GHz,5.2 GHz,1.5 GHz,4.1 GHz,24 MB,30 MB,65 W,,192 GB,Yes,Yes,Boxed,10 nm,Yes,Yes: Hyper-Threading
AMD Threadripper 3960X 3.8 GHz 24-Core Processor,https://cdna.pcpartpicker.com/static/forever/images/product/3ada9b0ee52763b884f3f76b681846ad.256p.jpg,https://pcpartpicker.com/product/kNyqqs/amd-ryzen-9-3960x-38-ghz-24-core-processor-100-100000010wof,,101710.0,AMD,100-100000010WOF,AMD Threadripper,Zen 2,Castle Peak,sTRX4,24,3.8 GHz,4.5 GHz,,,12 MB,128 MB,280 W,,512 GB,Yes,No,Boxed,7 nm,No,Yes
Intel Core i7-13700KF 3.4 GHz 16-Core Processor,,https://pcpartpicker.com/product/w86p99/intel-core-i7-13700kf-34-ghz-16-core-processor-bx8071513700kf,,,Intel,BX8071513700KF,Intel Core i7,Raptor Lake,Raptor Lake,LGA1700,16,3.4 GHz,5.4 GHz,2.5 GHz,4.2 GHz,24 MB,30 MB,125 W,,192 GB,No,No,Boxed,10 nm,No,Yes: Hyper-Threading
Intel Core i7-10700 2.9 GHz 8-Core Processor,,https://pcpartpicker.com/product/dLK2FT/intel-core-i7-10700-29-ghz-8-core-processor-bx8070110700,,34916.0,Intel,BX8070110700,Intel Core i7,Comet Lake,Comet Lake,LGA1200,8,2.9 GHz,4.8 GHz,,,2 MB,16 MB,65 W,Intel UHD Graphics 630,128 GB,No,Yes,Boxed,14 nm,Yes,Yes: Hyper-Threading
AMD Ryzen 5 4600G 3.7 GHz 6-Core Processor,,https://pcpartpicker.com/product/CNVmP6/amd-ryzen-5-4600g-37-ghz-6-core-processor-100-100000147box,,,AMD,100-100000147BOX,AMD Ryzen 5,Zen 2,Renoir,AM4,6,3.7 GHz,4.2 GHz,,,3 MB,8 MB,65 W,Radeon Vega 7,128 GB,No,Yes,Boxed,7 nm,Yes,Yes
Intel Core i9-11900K 3.5 GHz 8-Core Processor,,https://pcpartpicker.com/product/mDcG3C/intel-core-i9-11900k-35-ghz-8-core-processor-bx8070811900k,,50797.0,Intel,BX8070811900K,Intel Core i9,Rocket Lake,Rocket Lake-S,LGA1200,8,3.5 GHz,5.3 GHz,,,4 MB,16 MB,125 W,Intel UHD Graphics 750,128 GB,No,No,Boxed,14 nm,No,Yes: Hyper-Threading
Intel Core Ultra 5 225 3.3 GHz 10-Core Processor,,https://pcpartpicker.com/product/tFtkcf/intel-core-ultra-5-225-33-ghz-10-core-processor-bx80768225,,28258.0,Intel,BX80768225,Intel Core Ultra 5,Arrow Lake,Arrow Lake,LGA1851,10,3.3 GHz,4.9 GHz,2.7 GHz,4.4 GHz,22 MB,20 MB,65 W,Intel Xe,256 GB,No,Yes,Boxed,3 nm,Yes,No
Intel Core i7-4770 3.4 GHz Quad-Core Processor,https://cdna.pcpartpicker.com/static/forever/images/product/2ee894e25a22610fb14cef95c9ce94b5.256p.jpg,https://pcpartpicker.com/product/sCNp99/intel-cpu-bx80646i74770,,10509.0,Intel,BX80646I74770,Intel Core i7,Haswell,Haswell,LGA1150,4,3.4 GHz,3.9 GHz,,,1 MB,8 MB,84 W,Intel HD Graphics 4600,,No,Yes,Boxed,22 nm,Yes,Yes: Hyper-Threading
Intel Core i3-13100F 3.4 GHz Quad-Core Processor,,https://pcpartpicker.com/product/9MGbt6/intel-core-i3-13100f-34-ghz-quad-core-processor-bx8071513100f,,13670.0,Intel,BX8071513100F,Intel Core i3,Raptor Lake,Raptor Lake,LGA1700,4,3.4 GHz,4.5 GHz,,,5 MB,12 MB,58 W,,192 GB,No,Yes,Boxed,10 nm,Yes,Yes: Hyper-Threading
Intel Core i7-11700F 2.5 GHz 8-Core Processor,,https://pcpartpicker.com/product/QDcG3C/intel-core-i7-11700f-25-ghz-8-core-processor-bx8070811700f,,28142.0,Intel,BX8070811700F,Intel Core i7,Rocket Lake,Rocket Lake-S,LGA1200,8,2.5 GHz,4.9 GHz,,,4 MB,16 MB,65 W,,128 GB,No,Yes,Boxed,14 nm,Yes,Yes: Hyper-Threading
Intel Core i3-12100 3.3 GHz Quad-Core Processor,,https://pcpartpicker.com/product/qrhFf7/intel-core-i3-12100-33-ghz-quad-core-processor-bx8071512100,,24873.0,Intel,BX8071512100,Intel Core i3,Alder Lake,Alder Lake,LGA1700,4,3.3 GHz,4.3 GHz,,,5 MB,12 MB,60 W,Intel UHD Graphics 730,128 GB,No,Yes,Boxed,10 nm,Yes,Yes: Hyper-Threading
Intel Core i5-7500 3.4 GHz Quad-Core Processor,,https://pcpartpicker.com/product/QbGj4D/intel-core-i5-7500-34ghz-quad-core-processor-bx80677i57500,,8618.0,Intel,BX80677I57500,Intel Core i5,Kaby Lake,Kaby Lake-S,LGA1151,4,3.4 GHz,3.8 GHz,,,1 MB,6 MB,65 W,Intel HD Graphics 630,64 GB,No,Yes,Boxed,14 nm,Yes,No
AMD Ryzen 7 2700 3.2 GHz 8-Core Processor,,https://pcpartpicker.com/product/WPQG3C/amd-ryzen-7-2700-32ghz-8-core-processor-yd2700bbafbox,,23354.0,AMD,YD2700BBAFBOX,AMD Ryzen 7,Zen+,Pinnacle Ridge,AM4,8,3.2 GHz,4.1 GHz,,,4 MB,16 MB,65 W,,64 GB,No,Yes,Boxed,12 nm,Yes,Yes
Intel Core i9-13900KF 3 GHz 24-Core Processor,,https://pcpartpicker.com/product/CgkWGX/intel-core-i9-13900kf-3-ghz-24-core-processor-bx8071513900kf,,54874.0,Intel,BX8071513900KF,Intel Core i9,Raptor Lake,Raptor Lake,LGA1700,24,3 GHz,5.8 GHz,2.2 GHz,4.3 GHz,32 MB,36 MB,125 W,,192 GB,No,No,Boxed,10 nm,No,Yes: Hyper-Threading
Intel Core i7-12700 2.1 GHz 12-Core Processor,,https://pcpartpicker.com/product/XVRYcf/intel-core-i7-12700-21-ghz-12-core-processor-bx8071512700,,45541.0,Intel,BX8071512700,Intel Core i7,Alder Lake,Alder Lake,LGA1700,12,2.1 GHz,4.9 GHz,1.6 GHz,3.6 GHz,12 MB,25 MB,65 W,Intel UHD Graphics 770,128 GB,No,Yes,Boxed,10 nm,Yes,Yes: Hyper-Threading
AMD Ryzen 5 3500X 3.6 GHz 6-Core Processor,,https://pcpartpicker.com/product/T9CFf7/amd-ryzen-5-3500x-36-ghz-6-core-processor-100-000000158,,,AMD,100-000000158,AMD Ryzen 5,Zen 2,Matisse,AM4,6,3.6 GHz,4.1 GHz,,,3 MB,32 MB,65 W,,128 GB,No,Yes,Boxed,7 nm,Yes,No
AMD Athlon X2 340 3.2 GHz Dual-Core Processor,,https://pcpartpicker.com/product/VXK7YJ/amd-cpu-ad340xokhjbox,,,AMD,AD340XOKHJBOX,AMD Athlon X2,Piledriver,Trinity,FM2,2,3.2 GHz,,,,1 MB,0 MB,65 W,,,No,Yes,Boxed,32 nm,Yes,No
AMD EPYC 4585PX 4.3 GHz 16-Core Processor,,https://pcpartpicker.com/product/BrnXsY/amd-epyc-4585px-43-ghz-16-core-processor-100-100001561wof,,94307.0,AMD,100-100001561WOF,AMD EPYC,Zen 5,Grado,AM5,16,4.3 GHz,5.7 GHz,,,16 MB,128 MB,170 W,Radeon,,Yes,No,Boxed,4 nm,No,Yes
Intel Core i5-10600K 4.1 GHz 6-Core Processor,,https://pcpartpicker.com/product/HcPgXL/intel-core-i5-10600k-41-ghz-6-core-processor-bx8070110600k,,32695.0,Intel,BX8070110600K,Intel Core i5,Comet Lake,Comet Lake,LGA1200,6,4.1 GHz,4.8 GHz,,,1.5 MB,12 MB,125 W,Intel UHD Graphics 630,128 GB,No,No,Boxed,14 nm,No,Yes: Hyper-Threading
Intel Core i7-3770 3.4 GHz Quad-Core Processor,,https://pcpartpicker.com/product/Vjzv6h/intel-cpu-bx80637i73770,,19339.0,Intel,BX80637I73770,Intel Core i7,Ivy Bridge,Ivy Bridge,LGA1155,4,3.4 GHz,,,,1 MB,8 MB,77 W,Intel HD Graphics 4000,,No,Yes,Boxed,22 nm,Yes,Yes: Hyper-Threading
Intel Core i9-10850K 3.6 GHz 10-Core Processor,,https://pcpartpicker.com/product/nGFKHx/intel-core-i9-10850k-36-ghz-10-core-processor-bx8070110850k,,46593.0,Intel,BX8070110850K,Intel Core i9,Comet Lake,Comet Lake,LGA1200,10,3.6 GHz,5.2 GHz,,,2.5 MB,20 MB,125 W,Intel UHD Graphics 630,128 GB,No,No,Boxed,14 nm,No,Yes: Hyper-Threading
Intel Xeon E5-2699 V4 2.2 GHz 22-Core OEM/Tray Processor,,https://pcpartpicker.com/product/rd98TW/intel-cpu-cm8066002022506,,34104.0,Intel,CM8066002022506,Intel Xeon E5,Broadwell,Broadwell-EP,LGA2011-3,22,2.2 GHz,3.6 GHz,,,5.5 MB,55 MB,145 W,,1536 GB,Yes,No,OEM/Tray,14 nm,No,Yes: Hyper-Threading
AMD Ryzen 5 3600 3.6 GHz 6-Core Processor,https://cdna.pcpartpicker.com/static/forever/images/product/1cde5220cfb0f1e964dec5e5a9f2531d.256p.jpg,https://pcpartpicker.com/product/9twypg/amd-ryzen-5-3600-36-ghz-6-core-processor-100-100000031sbx,,29482.0,AMD,100-100000031SBX,AMD Ryzen 5,Zen 2,Matisse,AM4,6,3.6 GHz,4.2 GHz,,,3 MB,32 MB,65 W,,128 GB,No,Yes,Boxed,7 nm,Yes,Yes
Intel Core Ultra 9 285 2.5 GHz 24-Core Processor,,https://pcpartpicker.com/product/sQZWGX/intel-core-ultra-9-285-25-ghz-24-core-processor-bx80768285,,67612.0,Intel,BX80768285,Intel Core Ultra 9,Arrow Lake,Arrow Lake,LGA1851,24,2.5 GHz,5.6 GHz,1.9 GHz,4.6 GHz,40 MB,36 MB,65 W,Intel Xe,256 GB,Yes,Yes,Boxed,3 nm,Yes,No
Intel Core i5-8600K 3.6 GHz 6-Core Processor,,https://pcpartpicker.com/product/Mr2rxr/intel-core-i5-8600k-36ghz-6-core-processor-bx80684i58600k,,23245.0,Intel,BX80684I58600K,Intel Core i5,Coffee Lake,Coffee Lake,LGA1151,6,3.6 GHz,4.3 GHz,,,1.5 MB,9 MB,95 W,Intel UHD Graphics 630,128 GB,No,No,Boxed,14 nm,No,No
Intel Core i5-11600K 3.9 GHz 6-Core Processor,,https://pcpartpicker.com/product/RK3gXL/intel-core-i5-11600k-39-ghz-6-core-processor-bx8070811600k,,23238.0,Intel,BX8070811600K,Intel Core i5,Rocket Lake,Rocket Lake-S,LGA1200,6,3.9 GHz,4.9 GHz,,,3 MB,12 MB,125 W,Intel UHD Graphics 750,128 GB,No,No,Boxed,14 nm,No,Yes: Hyper-Threading
Intel Core i5-6600K 3.5 GHz Quad-Core Processor,,https://pcpartpicker.com/product/gx648d/intel-cpu-bx80662i56600k,,29208.0,Intel,BX80662I56600K,Intel Core i5,Skylake,Skylake-S,LGA1151,4,3.5 GHz,3.9 GHz,,,1 MB,6 MB,91 W,Intel HD Graphics 530,,No,No,Boxed,14 nm,No,No
AMD Ryzen 7 1700X 3.4 GHz 8-Core Processor,,https://pcpartpicker.com/product/9Q98TW/amd-ryzen-7-1700x-34ghz-8-core-processor-yd170xbcaewof,,14988.0,AMD,YD170XBCAEWOF,AMD Ryzen 7,Zen,Summit Ridge,AM4,8,3.4 GHz,3.8 GHz,,,4 MB,16 MB,95 W,,,No,No,Boxed,14 nm,No,Yes
Intel Core i7-14700 2.1 GHz 20-Core Processor,https://m.media-amazon.com/images/I/31wU3YIRf4L.jpg,https://pcpartpicker.com/product/7rXV3C/intel-core-i7-14700-21-ghz-20-core-processor-bx8071514700,,62323.0,Intel,BX8071514700,Intel Core i7,Raptor Lake Refresh,Raptor Lake Refresh,LGA1700,20,2.1 GHz,5.4 GHz,1.5 GHz,4.2 GHz,28 MB,33 MB,65 W,Intel UHD Graphics 770,192 GB,Yes,Yes,Boxed,7 nm,Yes,Yes: Hyper-Threading
Intel Core i3-14100 3.5 GHz Quad-Core Processor,https://cdna.pcpartpicker.com/static/forever/images/product/874cc0e600bde06d75755309677a87e2.256p.jpg,https://pcpartpicker.com/product/qtBzK8/intel-core-i3-14100-35-ghz-quad-core-processor-bx8071514100,,27805.0,Intel,BX8071514100,Intel Core i3,Raptor Lake Refresh,Raptor Lake Refresh,LGA1700,4,3.5 GHz,4.7 GHz,,,5 MB,12 MB,60 W,Intel UHD Graphics 730,192 GB,Yes,Yes,Boxed,7 nm,Yes,Yes: Hyper-Threading
Intel Core i7-9700F 3 GHz 8-Core Processor,,https://pcpartpicker.com/product/W4848d/intel-core-i7-9700f-3-ghz-8-core-processor-bx80684i79700f,,28878.0,Intel,BX80684I79700F,Intel Core i7,Coffee Lake Refresh,Coffee Lake Refresh,LGA1151,8,3 GHz,4.7 GHz,,,2 MB,12 MB,65 W,,128 GB,No,Yes,Boxed,14 nm,Yes,No
Intel Core Ultra 7 265 2.4 GHz 20-Core Processor,,https://pcpartpicker.com/product/HTBFf7/intel-core-ultra-7-265-24-ghz-20-core-processor-bx80768265,,40869.0,Intel,BX80768265,Intel Core Ultra 7,Arrow Lake,Arrow Lake,LGA1851,20,2.4 GHz,5.3 GHz,1.8 GHz,4.6 GHz,36 MB,30 MB,65 W,Intel Xe,256 GB,Yes,Yes,Boxed,3 nm,Yes,No
Intel Core i7-9700 3 GHz 8-Core Processor,,https://pcpartpicker.com/product/L6vbt6/intel-core-i7-9700-3-ghz-8-core-processor-bx80684i79700,,39114.0,Intel,BX80684I79700,Intel Core i7,Coffee Lake Refresh,Coffee Lake Refresh,LGA1151,8,3 GHz,4.7 GHz,,,2 MB,12 MB,65 W,Intel HD Graphics 630,128 GB,No,Yes,Boxed,14 nm,Yes,No
AMD Ryzen 5 3600XT 3.8 GHz 6-Core Processor,https://cdna.pcpartpicker.com/static/forever/images/product/16ddfc2028922cd20cffaa6976165f84.256p.jpg,https://pcpartpicker.com/product/7sFKHx/amd-ryzen-5-3600xt-38-ghz-6-core-processor-100-100000281box,,20029.0,AMD,100-100000281BOX,AMD Ryzen 5,Zen 2,Matisse,AM4,6,3.8 GHz,4.5 GHz,,,3 MB,32 MB,95 W,,128 GB,No,Yes,Boxed,7 nm,Yes,Yes
Intel Core i5-12500 3 GHz 6-Core Processor,,https://pcpartpicker.com/product/hvC48d/intel-core-i5-12500-3-ghz-6-core-processor-bx8071512500,,24161.0,Intel,BX8071512500,Intel Core i5,Alder Lake,Alder Lake,LGA1700,6,3 GHz,4.6 GHz,,,7.5 MB,18 MB,65 W,Intel UHD Graphics 770,128 GB,No,Yes,Boxed,10 nm,Yes,Yes: Hyper-Threading
Intel Core i5-14500 2.6 GHz 14-Core Processor,https://cdna.pcpartpicker.com/static/forever/images/product/c70c79371c7131082c89348493ae7998.256p.jpg,https://pcpartpicker.com/product/KwXV3C/intel-core-i5-14500-26-ghz-14-core-processor-bx8071514500,,51146.0,Intel,BX8071514500,Intel Core i5,Raptor Lake Refresh,Raptor Lake Refresh,LGA1700,14,2.6 GHz,5 GHz,1.9 GHz,3.7 GHz,11.5 MB,24 MB,65 W,Intel UHD Graphics 770,192 GB,Yes,Yes,Boxed,7 nm,Yes,Yes: Hyper-Threading
AMD Ryzen 3 3100 3.6 GHz Quad-Core Processor,,https://pcpartpicker.com/product/ndwkcf/amd-ryzen-3-3100-36-ghz-quad-core-processor-100-100000284box,,,AMD,100-100000284BOX,AMD Ryzen 3,Zen 2,Matisse,AM4,4,3.6 GHz,3.9 GHz,,,2 MB,16 MB,65 W,,128 GB,No,Yes,Boxed,7 nm,Yes,Yes
Intel Core i5-11400 2.6 GHz 6-Core Processor,,https://pcpartpicker.com/product/92VmP6/intel-core-i5-11400-26-ghz-6-core-processor-bx8070811400,,23238.0,Intel,BX8070811400,Intel Core i5,Rocket Lake,Rocket Lake-S,LGA1200,6,2.6 GHz,4.4 GHz,,,3 MB,12 MB,65 W,Intel UHD Graphics 730,128 GB,No,Yes,Boxed,14 nm,Yes,Yes: Hyper-Threading
AMD Ryzen 7 3700X 3.6 GHz 8-Core OEM/Tray Processor,,https://pcpartpicker.com/product/KsHRsY/amd-ryzen-7-3700x-36-ghz-8-core-oemtray-processor-100-000000071,,,AMD,100-000000071,AMD Ryzen 7,Zen 2,Matisse,AM4,8,3.6 GHz,4.4 GHz,,,4 MB,32 MB,65 W,,128 GB,No,No,OEM/Tray,7 nm,No,Yes
Intel Core i9-12900KS 3.4 GHz 16-Core Processor,,https://pcpartpicker.com/product/sn4Ycf/intel-core-i9-12900ks-34-ghz-16-core-processor-bx8071512900ks,,52548.0,Intel,BX8071512900KS,Intel Core i9,Alder Lake,Alder Lake,LGA1700,16,3.4 GHz,5.5 GHz,2.5 GHz,4 GHz,14 MB,30 MB,150 W,Intel UHD Graphics 770,128 GB,No,No,Boxed,10 nm,No,Yes: Hyper-Threading
AMD Ryzen 5 2400G 3.6 GHz Quad-Core Processor,https://cdna.pcpartpicker.com/static/forever/images/product/320f71912f65606aa2075161dc798c3d.256p.jpg,https://pcpartpicker.com/product/FGPKHx/amd-ryzen-5-2400g-36ghz-quad-core-processor-yd2400c5fbbox,,19034.0,AMD,YD2400C5FBBOX,AMD Ryzen 5,Zen,Raven Ridge,AM4,4,3.6 GHz,3.9 GHz,,,2 MB,4 MB,65 W,Radeon Vega 11,,No,Yes,Boxed,14 nm,Yes,Yes
Intel Core i9-9900KF 3.6 GHz 8-Core Processor,,https://pcpartpicker.com/product/G7KcCJ/intel-core-i9-9900kf-36-ghz-8-core-processor-bx80684i99900kf,,46593.0,Intel,BX80684I99900KF,Intel Core i9,Coffee Lake Refresh,Coffee Lake Refresh,LGA1151,8,3.6 GHz,5 GHz,,,2 MB,16 MB,95 W,,128 GB,No,No,Boxed,14 nm,No,Yes: Hyper-Threading
Intel Core i3-8100 3.6 GHz Quad-Core Processor,,https://pcpartpicker.com/product/YqKhP6/intel-core-i3-8100-36ghz-4-core-processor-bx80684i38100,,7805.0,Intel,BX80684I38100,Intel Core i3,Coffee Lake,Coffee Lake,LGA1151,4,3.6 GHz,,,,1 MB,6 MB,65 W,Intel UHD Graphics 630,64 GB,Yes,Yes,Boxed,14 nm,Yes,No
Intel Core i7-4790 3.6 GHz Quad-Core OEM/Tray Processor,,https://pcpartpicker.com/product/94MTwP/intel-core-i7-4790-36-ghz-quad-core-oemtray-processor-cm8064601560113,,18819.0,Intel,CM8064601560113,Intel Core i7,Haswell Refresh,Haswell Refresh,LGA1150,4,3.6 GHz,4 GHz,,,1 MB,8 MB,84 W,Intel HD Graphics 4600,,No,No,OEM/Tray,22 nm,No,Yes: Hyper-Threading
AMD Ryzen 7 1700 3 GHz 8-Core Processor,,https://pcpartpicker.com/product/3kPzK8/amd-ryzen-7-1700-30ghz-8-core-processor-yd1700bbaebox,,17515.0,AMD,YD1700BBAEBOX,AMD Ryzen 7,Zen,Summit Ridge,AM4,8,3 GHz,3.7 GHz,,,4 MB,16 MB,65 W,,,No,Yes,Boxed,14 nm,Yes,Yes
AMD Ryzen 9 3900XT 3.8 GHz 12-Core Processor,,https://pcpartpicker.com/product/RwfFf7/amd-ryzen-9-3900xt-38-ghz-12-core-processor-100-100000277wof,,44957.0,AMD,100-100000277WOF,AMD Ryzen 9,Zen 2,Matisse,AM4,12,3.8 GHz,4.7 GHz,,,6 MB,64 MB,105 W,,128 GB,No,No,Boxed,7 nm,No,Yes
Intel Core i5-13500 2.5 GHz 14-Core Processor,,https://pcpartpicker.com/product/mtmmP6/intel-core-i5-13500-25-ghz-14-core-processor-bx8071513500,,,Intel,BX8071513500,Intel Core i5,Raptor Lake,Raptor Lake,LGA1700,14,2.5 GHz,4.8 GHz,1.8 GHz,3.5 GHz,11.5 MB,24 MB,65 W,Intel UHD Graphics 770,192 GB,No,Yes,Boxed,10 nm,Yes,Yes: Hyper-Threading
Intel Core i7-4770K 3.5 GHz Quad-Core Processor,,https://pcpartpicker.com/product/yT2kcf/intel-cpu-bx80646i74770k,,11676.0,Intel,BX80646I74770K,Intel Core i7,Haswell,Haswell,LGA1150,4,3.5 GHz,3.9 GHz,,,1 MB,8 MB,84 W,Intel HD Graphics 4600,,No,Yes,Boxed,22 nm,Yes,Yes: Hyper-Threading
Intel Core i7-11700KF 3.6 GHz 8-Core Processor,,https://pcpartpicker.com/product/Fgt9TW/intel-core-i7-11700kf-36-ghz-8-core-processor-bx8070811700kf,,34916.0,Intel,BX8070811700KF,Intel Core i7,Rocket Lake,Rocket Lake-S,LGA1200,8,3.6 GHz,5 GHz,,,4 MB,16 MB,125 W,,128 GB,No,No,Boxed,14 nm,No,Yes: Hyper-Threading
AMD Athlon 3000G (14nm) 3.5 GHz Dual-Core Processor,https://cdna.pcpartpicker.com/static/forever/images/product/4cca7584d65df7a4e4b5298805e9552f.256p.jpg,https://pcpartpicker.com/product/664BD3/amd-athlon-3000g-35-ghz-dual-core-processor-yd3000c6fhbox,,8172.0,AMD,YD3000C6FHBOX,AMD Athlon,Zen,Raven Ridge,AM4,2,3.5 GHz,,,,1 MB,4 MB,35 W,Radeon Vega 3,128 GB,No,Yes,Boxed,14 nm,Yes,Yes
Intel Core i5-8500 3 GHz 6-Core Processor,,https://pcpartpicker.com/product/kFKcCJ/intel-core-i5-8500-3ghz-6-core-processor-bx80684i58500,,21018.0,Intel,BX80684I58500,Intel Core i5,Coffee Lake,Coffee Lake,LGA1151,6,3 GHz,4.1 GHz,,,1.5 MB,9 MB,65 W,Intel UHD Graphics 630,128 GB,No,Yes,Boxed,14 nm,Yes,No
AMD Ryzen 3 2200G 3.5 GHz Quad-Core Processor,,https://pcpartpicker.com/product/RkJtt6/amd-ryzen-3-2200g-35ghz-quad-core-processor-yd2200c5fbbox,,11676.0,AMD,YD2200C5FBBOX,AMD Ryzen 3,Zen,Raven Ridge,AM4,4,3.5 GHz,3.7 GHz,,,2 MB,4 MB,65 W,Radeon Vega 8,,No,Yes,Boxed,14 nm,Yes,No
Intel Core i7-10700KF 3.8 GHz 8-Core Processor,,https://pcpartpicker.com/product/sT3mP6/intel-core-i7-10700kf-38-ghz-8-core-processor-bx8070110700kf,,37893.0,Intel,BX8070110700KF,Intel Core i7,Comet Lake,Comet Lake,LGA1200,8,3.8 GHz,5.1 GHz,,,2 MB,16 MB,125 W,,128 GB,No,No,Boxed,14 nm,No,Yes: Hyper-Threading
Intel Core i5-7400 3 GHz Quad-Core Processor,,https://pcpartpicker.com/product/qnM323/intel-core-i5-7400-30ghz-quad-core-processor-bx80677i57400,,16347.0,Intel,BX80677I57400,Intel Core i5,Kaby Lake,Kaby Lake-S,LGA1151,4,3 GHz,3.5 GHz,,,1 MB,6 MB,65 W,Intel HD Graphics 630,64 GB,No,Yes,Boxed,14 nm,Yes,No
AMD Ryzen 5 5600X3D 3.3 GHz 6-Core Processor,,https://pcpartpicker.com/product/vqhv6h/amd-ryzen-5-5600x3d-33-ghz-6-core-processor-100-100001176wo,,,AMD,100-100001176WO,AMD Ryzen 5,Zen 3,Vermeer-X,AM4,6,3.3 GHz,4.4 GHz,,,3 MB,96 MB,105 W,,128 GB,No,No,Boxed,7 nm,No,Yes
Intel Core i5-9400 2.9 GHz 6-Core Processor,,https://pcpartpicker.com/product/V4RzK8/intel-core-i5-9400-29-ghz-6-core-processor-bx80684i59400,,16464.0,Intel,BX80684I59400,Intel Core i5,Coffee Lake Refresh,Coffee Lake Refresh,LGA1151,6,2.9 GHz,4.1 GHz,,,1.5 MB,9 MB,65 W,Intel UHD Graphics 630,128 GB,No,Yes,Boxed,14 nm,Yes,No
Intel Core i5-3470 3.2 GHz Quad-Core Processor,,https://pcpartpicker.com/product/PBCwrH/intel-cpu-bx80637i53470,,6423.0,Intel,BX80637i53470,Intel Core i5,Ivy Bridge,Ivy Bridge,LGA1155,4,3.2 GHz,,,,1 MB,6 MB,77 W,Intel HD Graphics 2500,,No,Yes,Boxed,22 nm,Yes,No
Intel Core i7-3770K 3.5 GHz Quad-Core Processor,,https://pcpartpicker.com/product/7KjG3C/intel-cpu-bx80637i73770k,,17632.0,Intel,BX80637I73770K,Intel Core i7,Ivy Bridge,Ivy Bridge,LGA1155,4,3.5 GHz,,,,1 MB,8 MB,77 W,Intel HD Graphics 4000,,No,Yes,Boxed,22 nm,Yes,Yes: Hyper-Threading
Intel Core i5-4690 3.5 GHz Quad-Core Processor,,https://pcpartpicker.com/product/r8W9TW/intel-cpu-bx80646i54690,,6072.0,Intel,BX80646I54690,Intel Core i5,Haswell Refresh,Haswell Refresh,LGA1150,4,3.5 GHz,3.9 GHz,,,1 MB,6 MB,84 W,Intel HD Graphics 4600,,No,Yes,Boxed,22 nm,Yes,No
Intel Core i7-6950X 3 GHz 10-Core OEM/Tray Processor,https://m.media-amazon.com/images/I/511IqL3RMBL.jpg,https://pcpartpicker.com/product/GsL7YJ/intel-cpu-cm8067102055800,,,Intel,CM8067102055800,Intel Core i7 Extreme,Broadwell,Broadwell-E,LGA2011-3,10,3 GHz,3.5 GHz,,,2.5 MB,25 MB,140 W,,,No,No,OEM/Tray,14 nm,No,Yes: Hyper-Threading
Intel Core i9-14900F 2 GHz 24-Core Processor,https://cdna.pcpartpicker.com/static/forever/images/product/9ad5851cc322799cc6c3352f6a899247.256p.jpg,https://pcpartpicker.com/product/RNjRsY/intel-core-i9-14900f-2-ghz-24-core-processor-bx8071514900f,,69708.0,Intel,BX8071514900F,Intel Core i9,Raptor Lake Refresh,Raptor Lake Refresh,LGA1700,24,2 GHz,5.8 GHz,1.5 GHz,4.3 GHz,32 MB,36 MB,65 W,,192 GB,Yes,Yes,Boxed,7 nm,Yes,Yes: Hyper-Threading
Intel Core i9-13900KS 3 GHz 24-Core Processor,,https://pcpartpicker.com/product/TNLFf7/intel-core-i9-13900ks-3-ghz-24-core-processor-bx8071513900ks,,84483.0,Intel,BX8071513900KS,Intel Core i9,Raptor Lake,Raptor Lake,LGA1700,24,3 GHz,6 GHz,2.4 GHz,4.3 GHz,32 MB,36 MB,150 W,Intel UHD Graphics 770,192 GB,Yes,No,Boxed,10 nm,No,Yes: Hyper-Threading
AMD FX-6300 3.5 GHz 6-Core Processor,https://cdna.pcpartpicker.com/static/forever/images/product/d665dacd8ecefc1e5338899c0052dd93.256p.jpg,https://pcpartpicker.com/product/PnxfrH/amd-cpu-fd6300wmhkbox,,,AMD,FD6300WMHKBOX,AMD FX,Piledriver,Vishera,AM3+,6,3.5 GHz,,,,6 MB,8 MB,95 W,,,No,Yes,Boxed,32 nm,Yes,No
Intel Core i3-9100F 3.6 GHz Quad-Core Processor,https://cdna.pcpartpicker.com/static/forever/images/product/0d74fb44f832ad674549787311aafa0f.256p.jpg,https://pcpartpicker.com/product/YTbwrH/intel-core-i3-9100f-36-ghz-quad-core-processor-bx80684i39100f,,11326.0,Intel,BX80684i39100F,Intel Core i3,Coffee Lake Refresh,Coffee Lake Refresh,LGA1151,4,3.6 GHz,4.2 GHz,,,1 MB,6 MB,65 W,,64 GB,Yes,Yes,Boxed,14 nm,Yes,No
Intel Core i5-4590 3.3 GHz Quad-Core Processor,,https://pcpartpicker.com/product/7bNp99/intel-cpu-bx80646i54590,,,Intel,BX80646I54590,Intel Core i5,Haswell Refresh,Haswell Refresh,LGA1150,4,3.3 GHz,3.7 GHz,,,1 MB,6 MB,84 W,Intel HD Graphics 4600,,No,Yes,Boxed,22 nm,Yes,No
Intel Xeon E5-2680 V4 2.4 GHz 14-Core Processor,,https://pcpartpicker.com/product/zqmxFT/intel-cpu-bx80660e52680v4,,239389.0,Intel,BX80660E52680V4,Intel Xeon E5,Broadwell,Broadwell-EP,LGA2011-3,14,2.4 GHz,3.3 GHz,,,3.5 MB,35 MB,120 W,,1536 GB,Yes,No,Boxed,14 nm,No,Yes: Hyper-Threading
Intel Core i3-4150 3.5 GHz Dual-Core Processor,,https://pcpartpicker.com/product/qMJwrH/intel-cpu-bx80646i34150,,3494.0,Intel,BX80646I34150,Intel Core i3,Haswell Refresh,Haswell Refresh,LGA1150,2,3.5 GHz,,,,0.5 MB,3 MB,54 W,Intel HD Graphics 4400,,Yes,Yes,Boxed,22 nm,Yes,Yes: Hyper-Threading
AMD Ryzen 5 1600X 3.6 GHz 6-Core Processor,,https://pcpartpicker.com/product/8hwqqs/amd-ryzen-5-1600x-36ghz-6-core-processor-yd160xbcaewof,,11443.0,AMD,YD160XBCAEWOF,AMD Ryzen 5,Zen,Summit Ridge,AM4,6,3.6 GHz,4 GHz,,,3 MB,16 MB,95 W,,,No,No,Boxed,14 nm,No,Yes
Intel Core i3-10100 3.6 GHz Quad-Core Processor,https://cdna.pcpartpicker.com/static/forever/images/product/b9e5be26e6c5e8bbfccccf521c16fde2.256p.jpg,https://pcpartpicker.com/product/qtqBD3/intel-core-i3-10100-36-ghz-quad-core-processor-bx8070110100,,18683.0,Intel,BX8070110100,Intel Core i3,Comet Lake,Comet Lake,LGA1200,4,3.6 GHz,4.3 GHz,,,1 MB,6 MB,65 W,Intel UHD Graphics 630,128 GB,No,Yes,Boxed,14 nm,Yes,Yes: Hyper-Threading
Intel Core i5-7600K 3.8 GHz Quad-Core Processor,,https://pcpartpicker.com/product/dQM323/intel-core-i5-7600k-38ghz-quad-core-processor-bx80677i57600k,,35540.0,Intel,BX80677I57600K,Intel Core i5,Kaby Lake,Kaby Lake-S,LGA1151,4,3.8 GHz,4.2 GHz,,,1 MB,6 MB,91 W,Intel HD Graphics 630,64 GB,No,No,Boxed,14 nm,No,No
Intel Core i5-13400 2.5 GHz 10-Core Processor,,https://pcpartpicker.com/product/7xLFf7/intel-core-i5-13400-25-ghz-10-core-processor-bx8071513400,,37544.0,Intel,BX8071513400,Intel Core i5,Raptor Lake,Raptor Lake,LGA1700,10,2.5 GHz,4.6 GHz,1.8 GHz,3.3 GHz,9.5 MB,20 MB,65 W,Intel UHD Graphics 730,192 GB,No,Yes,Boxed,10 nm,Yes,Yes: Hyper-Threading
Intel Core i7-11700 2.5 GHz 8-Core Processor,https://cdna.pcpartpicker.com/static/forever/images/product/8d5a39d0af57bddb57731195a8c1d58c.256p.jpg,https://pcpartpicker.com/product/7RTp99/intel-core-i7-11700-25-ghz-8-core-processor-bx8070811700,,48513.0,Intel,BX8070811700,Intel Core i7,Rocket Lake,Rocket Lake-S,LGA1200,8,2.5 GHz,4.9 GHz,,,4 MB,16 MB,65 W,Intel UHD Graphics 750,128 GB,No,Yes,Boxed,14 nm,Yes,Yes: Hyper-Threading
Intel Core i5-11600KF 3.9 GHz 6-Core Processor,,https://pcpartpicker.com/product/K3Z9TW/intel-core-i5-11600kf-39-ghz-6-core-processor-bx8070811600kf,,17048.0,Intel,BX8070811600KF,Intel Core i5,Rocket Lake,Rocket Lake-S,LGA1200,6,3.9 GHz,4.9 GHz,,,3 MB,12 MB,125 W,,128 GB,No,No,Boxed,14 nm,No,Yes: Hyper-Threading
AMD Ryzen 5 5500X3D 3 GHz 6-Core OEM/Tray Processor,,https://pcpartpicker.com/product/L79nTW/amd-ryzen-5-5500x3d-3-ghz-6-core-oemtray-processor-100-000001504,,,AMD,100-000001504,AMD Ryzen 5,Zen 3,Vermeer-X,AM4,6,3 GHz,4 GHz,,,3 MB,96 MB,105 W,,128 GB,Yes,No,OEM/Tray,7 nm,No,Yes
Intel Core i9-11900KF 3.5 GHz 8-Core Processor,,https://pcpartpicker.com/product/9rrRsY/intel-core-i9-11900kf-35-ghz-8-core-processor-bx8070811900kf,,51264.0,Intel,BX8070811900KF,Intel Core i9,Rocket Lake,Rocket Lake-S,LGA1200,8,3.5 GHz,5.3 GHz,,,4 MB,16 MB,125 W,,128 GB,No,No,Boxed,14 nm,No,Yes: Hyper-Threading
Intel Core i9-10900KF 3.7 GHz 10-Core Processor,,https://pcpartpicker.com/product/CT3mP6/intel-core-i9-10900kf-37-ghz-10-core-processor-bx8070110900kf,,51264.0,Intel,BX8070110900KF,Intel Core i9,Comet Lake,Comet Lake,LGA1200,10,3.7 GHz,5.3 GHz,,,2.5 MB,20 MB,125 W,,128 GB,No,No,Boxed,14 nm,No,Yes: Hyper-Threading
AMD FX-8350 4 GHz 8-Core Processor,,https://pcpartpicker.com/product/ykphP6/amd-cpu-fd8350frhkbox,,,AMD,FD8350FRHKBOX,AMD FX,Piledriver,Vishera,AM3+,8,4 GHz,,,,8 MB,8 MB,125 W,,,No,Yes,Boxed,32 nm,Yes,No
Intel Core i5-10500 3.1 GHz 6-Core Processor,,https://pcpartpicker.com/product/JKbCmG/intel-core-i5-10500-31-ghz-6-core-processor-bx8070110500,,26852.0,Intel,BX8070110500,Intel Core i5,Comet Lake,Comet Lake,LGA1200,6,3.1 GHz,4.5 GHz,,,1.5 MB,12 MB,65 W,Intel UHD Graphics 630,128 GB,No,Yes,Boxed,14 nm,Yes,Yes: Hyper-Threading
Intel Core Ultra 5 235 3.4 GHz 14-Core Processor,,https://pcpartpicker.com/product/gjy8TW/intel-core-ultra-5-235-34-ghz-14-core-processor-bx80768235,,31528.0,Intel,BX80768235,Intel Core Ultra 5,Arrow Lake,Arrow Lake,LGA1851,14,3.4 GHz,5 GHz,2.9 GHz,4.4 GHz,26 MB,24 MB,65 W,Intel Xe,256 GB,Yes,Yes,Boxed,3 nm,Yes,No
AMD Ryzen 5 3500 3.6 GHz 6-Core Processor,,https://pcpartpicker.com/product/ZKqBD3/amd-ryzen-5-3500-36-ghz-6-core-processor-100-000000050,,,AMD,100-000000050,AMD Ryzen 5,Zen 2,Matisse,AM4,6,3.6 GHz,4.1 GHz,,,3 MB,32 MB,65 W,,128 GB,No,Yes,Boxed,7 nm,Yes,No
Intel Core i3-10105F 3.7 GHz Quad-Core Processor,https://cdna.pcpartpicker.com/static/forever/images/product/104690dc90e6297964380eeb9204f524.256p.jpg,https://pcpartpicker.com/product/hYgFf7/intel-core-i3-10105f-37-ghz-quad-core-processor-bx8070110105f,,11794.0,Intel,BX8070110105F,Intel Core i3,Comet Lake,Comet Lake,LGA1200,4,3.7 GHz,4.4 GHz,,,1 MB,6 MB,65 W,,128 GB,No,Yes,Boxed,14 nm,Yes,Yes: Hyper-Threading
AMD Ryzen 5 7400F 3.7 GHz 6-Core OEM/Tray Processor,,https://pcpartpicker.com/product/M3vscf/amd-ryzen-5-7400f-37-ghz-6-core-oemtray-processor-100-000001845,,,AMD,100-000001845,AMD Ryzen 5,Zen 4,Raphael,AM5,6,3.7 GHz,4.7 GHz,,,6 MB,32 MB,65 W,,128 GB,Yes,No,OEM/Tray,5 nm,No,Yes
Intel Core i5-10600KF 4.1 GHz 6-Core Processor,,https://pcpartpicker.com/product/p6jNnQ/intel-core-i5-10600kf-41-ghz-6-core-processor-bx8070110600kf,,27182.0,Intel,BX8070110600KF,Intel Core i5,Comet Lake,Comet Lake,LGA1200,6,4.1 GHz,4.8 GHz,,,1.5 MB,12 MB,125 W,,128 GB,No,No,Boxed,14 nm,No,Yes: Hyper-Threading
Intel Core i7-13700 2.1 GHz 16-Core Processor,,https://pcpartpicker.com/product/8VqPxr/intel-core-i7-13700-21-ghz-16-core-processor-bx8071513700,,77304.0,Intel,BX8071513700,Intel Core i7,Raptor Lake,Raptor Lake,LGA1700,16,2.1 GHz,5.2 GHz,1.5 GHz,4.1 GHz,24 MB,30 MB,65 W,Intel UHD Graphics 770,192 GB,Yes,Yes,Boxed,10 nm,Yes,Yes: Hyper-Threading
AMD Ryzen 5 5600T 3.5 GHz 6-Core Processor,https://m.media-amazon.com/images/I/31DogRaRuKL.jpg,https://pcpartpicker.com/product/wJCZxr/amd-ryzen-5-5600t-35-ghz-6-core-processor-100-000001584box,,30362.0,AMD,100-000001584BOX,AMD Ryzen 5,Zen 3,Vermeer,AM4,6,3.5 GHz,4.5 GHz,,,3 MB,32 MB,65 W,,128 GB,Yes,Yes,Boxed,7 nm,Yes,Yes
Intel Core i5-4460 3.2 GHz Quad-Core Processor,,https://pcpartpicker.com/product/F63RsY/intel-cpu-bx80646i54460,,8006.0,Intel,BX80646I54460,Intel Core i5,Haswell Refresh,Haswell Refresh,LGA1150,4,3.2 GHz,3.4 GHz,,,1 MB,6 MB,84 W,Intel HD Graphics 4600,,No,Yes,Boxed,22 nm,Yes,No
Intel Core i5-6400 2.7 GHz Quad-Core Processor,https://cdna.pcpartpicker.com/static/forever/images/product/2f07bb4ae8d2d1b223130d6c177bbcc2.256p.jpg,https://pcpartpicker.com/product/rK4NnQ/intel-cpu-bx80662i56400,,,Intel,BX80662I56400,Intel Core i5,Skylake,Skylake-S,LGA1151,4,2.7 GHz,3.3 GHz,,,1 MB,6 MB,65 W,Intel HD Graphics 530,64 GB,No,Yes,Boxed,14 nm,Yes,No
Intel Core i5-4690K 3.5 GHz Quad-Core Processor,https://cdna.pcpartpicker.com/static/forever/images/product/93181dc9a768fc9b512a294c4f33cc91.256p.jpg,https://pcpartpicker.com/product/Tvzv6h/intel-cpu-bx80646i54690k,,24966.0,Intel,BX80646I54690K,Intel Core i5,Haswell Refresh,Haswell Refresh,LGA1150,4,3.5 GHz,3.9 GHz,,,1 MB,6 MB,88 W,Intel HD Graphics 4600,,No,Yes,Boxed,22 nm,Yes,No
Intel Core i9-9900KS 4 GHz 8-Core Processor,,https://pcpartpicker.com/product/9mCFf7/intel-core-i9-9900ks-4-ghz-8-core-processor-bx80684i99900ks,,162200.0,Intel,BX80684I99900KS,Intel Core i9,Coffee Lake Refresh,Coffee Lake Refresh,LGA1151,8,4 GHz,5 GHz,,,2 MB,16 MB,127 W,Intel UHD Graphics 630,128 GB,No,No,Boxed,14 nm,No,Yes: Hyper-Threading
AMD Ryzen 5 1400 3.2 GHz Quad-Core Processor,,https://pcpartpicker.com/product/72wqqs/amd-ryzen-5-1400-32ghz-quad-core-processor-yd1400bbaebox,,10625.0,AMD,YD1400BBAEBOX,AMD Ryzen 5,Zen,Summit Ridge,AM4,4,3.2 GHz,3.4 GHz,,,2 MB,8 MB,65 W,,,No,Yes,Boxed,14 nm,Yes,Yes
Intel Core i5-9600KF 3.7 GHz 6-Core Processor,,https://pcpartpicker.com/product/MBMwrH/intel-core-i5-9600kf-37-ghz-6-core-processor-bx80684i59600kf,,26492.0,Intel,BX80684I59600KF,Intel Core i5,Coffee Lake Refresh,Coffee Lake Refresh,LGA1151,6,3.7 GHz,4.6 GHz,,,1.5 MB,12 MB,95 W,,128 GB,No,No,Boxed,14 nm,No,No
Intel Core i7-8700K 3.7 GHz 6-Core OEM/Tray Processor,,https://pcpartpicker.com/product/cjPzK8/intel-core-i7-8700k-37ghz-6-core-processor-cm8068403358220,,29188.0,Intel,CM8068403358220,Intel Core i7,Coffee Lake,Coffee Lake,LGA1151,6,3.7 GHz,4.7 GHz,,,1.5 MB,12 MB,95 W,Intel UHD Graphics 630,128 GB,No,No,OEM/Tray,14 nm,No,Yes: Hyper-Threading
Intel Core i5-4570 3.2 GHz Quad-Core Processor,https://cdna.pcpartpicker.com/static/forever/images/product/bbcff392a5e86c2d5268cdd237f70e51.256p.jpg,https://pcpartpicker.com/product/wXK7YJ/intel-cpu-bx80646i54570,,11444.0,Intel,BX80646I54570,Intel Core i5,Haswell,Haswell,LGA1150,4,3.2 GHz,,,,1 MB,6 MB,84 W,Intel HD Graphics 4600,,No,Yes,Boxed,22 nm,Yes,No
Intel Xeon E5-2690 V2 3 GHz 10-Core Processor,,https://pcpartpicker.com/product/YnYXsY/intel-cpu-bx80635e52690v2,,,Intel,BX80635E52690V2,Intel Xeon E5,Ivy Bridge,Ivy Bridge-EP,LGA2011,10,3 GHz,3.6 GHz,,,2.5 MB,25 MB,130 W,,,Yes,No,Boxed,22 nm,No,Yes: Hyper-Threading
AMD Ryzen 5 3600 3.6 GHz 6-Core OEM/Tray Processor,,https://pcpartpicker.com/product/Rnm323/amd-ryzen-5-3600-36-thz-6-core-oemtray-processor-100-000000031,,,AMD,100-000000031,AMD Ryzen 5,Zen 2,Matisse,AM4,6,3.6 GHz,4.2 GHz,,,3 MB,32 MB,65 W,,128 GB,No,No,OEM/Tray,7 nm,No,Yes
Intel Core i9-10980XE 3 GHz 18-Core Processor,,https://pcpartpicker.com/product/bmxbt6/intel-core-i9-10980xe-3-ghz-18-core-processor-bx8069510980xe,,117780.0,Intel,BX8069510980XE,Intel Core i9,Cascade Lake,Cascade Lake-X,LGA2066,18,3 GHz,4.8 GHz,,,18 MB,24.75 MB,165 W,,256 GB,No,No,Boxed,14 nm,No,Yes: Hyper-Threading
AMD Ryzen 5 1600 (12nm) 3.2 GHz 6-Core Processor,,https://pcpartpicker.com/product/8HqBD3/amd-ryzen-5-1600-12nm-32-ghz-6-core-processor-yd1600bbafbox,,11676.0,AMD,YD1600BBAFBOX,AMD Ryzen 5,Zen+,Pinnacle Ridge,AM4,6,3.2 GHz,3.6 GHz,,,3 MB,16 MB,65 W,,,No,Yes,Boxed,12 nm,Yes,Yes
AMD Ryzen 3 3300X 3.8 GHz Quad-Core Processor,,https://pcpartpicker.com/product/NvCFf7/amd-ryzen-3-3300x-38-ghz-quad-core-processor-100-100000159box,,14013.0,AMD,100-100000159BOX,AMD Ryzen 3,Zen 2,Matisse,AM4,4,3.8 GHz,4.3 GHz,,,2 MB,16 MB,65 W,,128 GB,No,Yes,Boxed,7 nm,Yes,Yes
Intel Core i3-13100 3.4 GHz Quad-Core Processor,,https://pcpartpicker.com/product/RdjBD3/intel-core-i3-13100-34-ghz-quad-core-processor-bx8071513100,,18333.0,Intel,BX8071513100,Intel Core i3,Raptor Lake,Raptor Lake,LGA1700,4,3.4 GHz,4.5 GHz,,,5 MB,12 MB,60 W,Intel UHD Graphics 730,192 GB,No,Yes,Boxed,10 nm,Yes,Yes: Hyper-Threading
Intel Core i7-9700KF 3.6 GHz 8-Core Processor,,https://pcpartpicker.com/product/LhCD4D/intel-core-i7-9700kf-36-ghz-8-core-processor-bx80684i79700kf,,,Intel,BX80684I79700KF,Intel Core i7,Coffee Lake Refresh,Coffee Lake Refresh,LGA1151,8,3.6 GHz,4.9 GHz,,,2 MB,12 MB,95 W,,128 GB,No,No,Boxed,14 nm,No,No
Intel Core i5-7500T 2.7 GHz Quad-Core Processor,,https://pcpartpicker.com/product/WCvZxr/intel-core-i5-7500t-27ghz-quad-core-processor-bx80677i57500t,,15231.0,Intel,BX80677I57500T,Intel Core i5,Kaby Lake,Kaby Lake-S,LGA1151,4,2.7 GHz,3.3 GHz,,,1 MB,6 MB,35 W,Intel HD Graphics 630,64 GB,No,Yes,Boxed,14 nm,Yes,No
AMD Ryzen 7 3800XT 3.9 GHz 8-Core Processor,,https://pcpartpicker.com/product/9wfFf7/amd-ryzen-7-3800xt-39-ghz-8-core-processor-100-100000279wof,,,AMD,100-100000279WOF,AMD Ryzen 7,Zen 2,Matisse,AM4,8,3.9 GHz,4.7 GHz,,,4 MB,32 MB,105 W,,128 GB,No,No,Boxed,7 nm,No,Yes
AMD Ryzen 7 1800X 3.6 GHz 8-Core Processor,,https://pcpartpicker.com/product/7qyxFT/amd-ryzen-7-1800x-36ghz-8-core-processor-yd180xbcaewof,,27558.0,AMD,YD180XBCAEWOF,AMD Ryzen 7,Zen,Summit Ridge,AM4,8,3.6 GHz,4 GHz,,,4 MB,16 MB,95 W,,,No,No,Boxed,14 nm,No,Yes
AMD Threadripper 1920X 3.5 GHz 12-Core Processor,,https://pcpartpicker.com/product/cRDzK8/amd-threadripper-1920x-35ghz-12-core-processor-yd192xa8aewof,,23354.0,AMD,YD192XA8AEWOF,AMD Threadripper,Zen,Whitehaven,sTR4,12,3.5 GHz,4 GHz,,,6 MB,32 MB,180 W,,1024 GB,Yes,No,Boxed,14 nm,No,Yes
Intel Core i7-2600 3.4 GHz Quad-Core Processor,,https://pcpartpicker.com/product/nvyFf7/intel-cpu-bx80623i72600,,21950.0,Intel,BX80623I72600,Intel Core i7,Sandy Bridge,Sandy Bridge,LGA1155,4,3.4 GHz,,,,1 MB,8 MB,95 W,Intel HD Graphics 2000,,No,Yes,Boxed,32 nm,Yes,Yes: Hyper-Threading
AMD Ryzen 3 1200 (14nm) 3.1 GHz Quad-Core Processor,,https://pcpartpicker.com/product/TX4NnQ/amd-ryzen-3-1300x-35ghz-quad-core-processor-yd1200bbaebox,,10204.0,AMD,YD1200BBAEBOX,AMD Ryzen 3,Zen,Summit Ridge,AM4,4,3.1 GHz,3.4 GHz,,,2 MB,8 MB,65 W,,,No,Yes,Boxed,14 nm,Yes,No
AMD Ryzen 5 1500X 3.5 GHz Quad-Core Processor,,https://pcpartpicker.com/product/VtFXsY/amd-ryzen-5-1500x-35ghz-quad-core-processor-yd150xbbaebox,,14012.0,AMD,YD150XBBAEBOX,AMD Ryzen 5,Zen,Summit Ridge,AM4,4,3.5 GHz,3.7 GHz,,,2 MB,16 MB,65 W,,,No,Yes,Boxed,14 nm,Yes,Yes
AMD FX-6350 3.9 GHz 6-Core Processor,,https://pcpartpicker.com/product/ZFs8TW/amd-fx-6350-39ghz-6-core-processor-fd6350frhkhbx,,,AMD,FD6350FRHKHBX,AMD FX,Piledriver,Vishera,AM3+,6,3.9 GHz,,,,6 MB,8 MB,125 W,,,No,Yes,Boxed,32 nm,Yes,No
Intel Core i7-6800K 3.4 GHz 6-Core Processor,,https://pcpartpicker.com/product/Td98TW/intel-cpu-bx80671i76800k,,8522.0,Intel,BX80671I76800K,Intel Core i7,Broadwell,Broadwell-E,LGA2011-3,6,3.4 GHz,3.6 GHz,,,1.5 MB,15 MB,140 W,,,No,No,Boxed,14 nm,No,Yes: Hyper-Threading
Intel Core i3-9100 3.6 GHz Quad-Core Processor,,https://pcpartpicker.com/product/NfKcCJ/intel-core-i3-9100-36-ghz-quad-core-processor-bx80684i39100,,11347.0,Intel,BX80684I39100,Intel Core i3,Coffee Lake Refresh,Coffee Lake Refresh,LGA1151,4,3.6 GHz,4.2 GHz,,,1 MB,6 MB,65 W,Intel UHD Graphics 630,64 GB,Yes,Yes,Boxed,14 nm,Yes,No
Intel Core i5-2400 3.1 GHz Quad-Core Processor,https://m.media-amazon.com/images/I/51UxOzy0XpL.jpg,https://pcpartpicker.com/product/jxJwrH/intel-cpu-bx80623i52400,,8093.0,Intel,BX80623I52400,Intel Core i5,Sandy Bridge,Sandy Bridge,LGA1155,4,3.1 GHz,,,,0.5 MB,6 MB,95 W,Intel HD Graphics 2000,,No,Yes,Boxed,32 nm,Yes,No
Intel Core i7-4790K 4 GHz Quad-Core OEM/Tray Processor,,https://pcpartpicker.com/product/WMJwrH/intel-cpu-cm8064601710501,,26218.0,Intel,CM8064601710501,Intel Core i7,Haswell Refresh,Haswell Refresh,LGA1150,4,4 GHz,4.4 GHz,,,1 MB,8 MB,88 W,Intel HD Graphics 4600,,No,Yes,OEM/Tray,22 nm,Yes,Yes: Hyper-Threading
AMD Ryzen 5 7600X3D 4.1 GHz 6-Core OEM/Tray Processor,,https://pcpartpicker.com/product/WtwmP6/amd-ryzen-5-7600x3d-41-ghz-6-core-oemtray-processor-100-000001721,,,AMD,100-000001721,AMD Ryzen 5,Zen 4,Raphael,AM5,6,4.1 GHz,4.7 GHz,,,6 MB,96 MB,65 W,Radeon,128 GB,Yes,No,OEM/Tray,5 nm,No,Yes
Intel Core i5-9500 3 GHz 6-Core Processor,,https://pcpartpicker.com/product/rD4BD3/intel-core-i5-9500-3-ghz-6-core-processor-bx80684i59500,,15131.0,Intel,BX80684I59500,Intel Core i5,Coffee Lake Refresh,Coffee Lake Refresh,LGA1151,6,3 GHz,4.4 GHz,,,1.5 MB,9 MB,65 W,Intel UHD Graphics 630,128 GB,No,Yes,Boxed,14 nm,Yes,No
AMD Threadripper 2920X 3.5 GHz 12-Core Processor,https://cdna.pcpartpicker.com/static/forever/images/product/e5ec30e5856001c1f713bc38ef99b588.256p.jpg,https://pcpartpicker.com/product/gnDJ7P/amd-threadripper-2920x-35-ghz-12-core-processor-yd292xa8afwof,,26857.0,AMD,YD292XA8AFWOF,AMD Threadripper,Zen+,Colfax,sTR4,12,3.5 GHz,4.3 GHz,,,6 MB,32 MB,180 W,,1024 GB,Yes,No,Boxed,12 nm,No,Yes
Intel Core i5-3570K 3.4 GHz Quad-Core Processor,,https://pcpartpicker.com/product/3LZQzy/intel-cpu-bx80637i53570k,,15443.0,Intel,BX80637I53570K,Intel Core i5,Ivy Bridge,Ivy Bridge,LGA1155,4,3.4 GHz,,,,1 MB,6 MB,77 W,Intel HD Graphics 4000,,No,Yes,Boxed,22 nm,Yes,No
Intel Core i3-7100T 3.4 GHz Dual-Core OEM/Tray Processor,,https://pcpartpicker.com/product/QNTrxr/intel-core-i3-7100t-34ghz-dual-core-oemtray-processor-cm8067703015913,,4554.0,Intel,CM8067703015913,Intel Core i3,Kaby Lake,Kaby Lake-S,LGA1151,2,3.4 GHz,,,,0.5 MB,3 MB,35 W,Intel HD Graphics 630,64 GB,Yes,No,OEM/Tray,14 nm,No,Yes: Hyper-Threading
Intel Celeron G3930 2.9 GHz Dual-Core Processor,,https://pcpartpicker.com/product/WqVBD3/intel-celeron-g3930-29ghz-dual-core-processor-bx80677g3930,,2917.0,Intel,BX80677G3930,Intel Celeron,Kaby Lake,Kaby Lake-S,LGA1151,2,2.9 GHz,,,,0.5 MB,2 MB,51 W,Intel HD Graphics 610,64 GB,Yes,Yes,Boxed,14 nm,Yes,No
Intel Celeron 420 1.6 GHz Single-Core OEM/Tray Processor,,https://pcpartpicker.com/product/hzrG3C/intel-cpu-hh80557rg025512,,8168.0,Intel,HH80557RG025512,Intel Celeron,Core,Conroe,LGA775,1,1.6 GHz,,,,0.5 MB,0 MB,35 W,,,No,No,OEM/Tray,65 nm,No,No
Intel Core i9-14900 2 GHz 24-Core Processor,https://cdna.pcpartpicker.com/static/forever/images/product/6bef271d59cd2a9b4f13fe95c18e2892.256p.jpg,https://pcpartpicker.com/product/3c7scf/intel-core-i9-14900-2-ghz-24-core-processor-bx8071514900,,68896.0,Intel,BX8071514900,Intel Core i9,Raptor Lake Refresh,Raptor Lake Refresh,LGA1700,24,2 GHz,5.8 GHz,1.5 GHz,4.3 GHz,32 MB,36 MB,65 W,Intel UHD Graphics 770,192 GB,Yes,Yes,Boxed,7 nm,Yes,Yes: Hyper-Threading
Intel Core i9-10900X 3.7 GHz 10-Core Processor,,https://pcpartpicker.com/product/r4NgXL/intel-core-i9-10900x-37-ghz-10-core-processor-bx8069510900x,,47993.0,Intel,BX8069510900X,Intel Core i9,Cascade Lake,Cascade Lake-X,LGA2066,10,3.7 GHz,4.7 GHz,,,10 MB,19.25 MB,165 W,,256 GB,No,No,Boxed,14 nm,No,Yes: Hyper-Threading
Intel Pentium G4400 3.3 GHz Dual-Core Processor,,https://pcpartpicker.com/product/YV7CmG/intel-cpu-bx80662g4400,,3035.0,Intel,BX80662G4400,Intel Pentium,Skylake,Skylake-S,LGA1151,2,3.3 GHz,,,,0.5 MB,3 MB,54 W,Intel HD Graphics 510,64 GB,Yes,Yes,Boxed,14 nm,Yes,No
Intel Core i5-6600 3.3 GHz Quad-Core Processor,,https://pcpartpicker.com/product/m9Gj4D/intel-cpu-bx80662i56600,,,Intel,BX80662I56600,Intel Core i5,Skylake,Skylake-S,LGA1151,4,3.3 GHz,3.9 GHz,,,1 MB,6 MB,65 W,Intel HD Graphics 530,64 GB,No,Yes,Boxed,14 nm,Yes,No
Intel Core i5-12600 3.3 GHz 6-Core Processor,,https://pcpartpicker.com/product/HqXJ7P/intel-core-i5-12600-33-ghz-6-core-processor-bx8071512600,,32112.0,Intel,BX8071512600,Intel Core i5,Alder Lake,Alder Lake,LGA1700,6,3.3 GHz,4.8 GHz,,,7.5 MB,18 MB,65 W,Intel UHD Graphics 770,128 GB,No,Yes,Boxed,10 nm,Yes,Yes: Hyper-Threading
Intel Core i9-9980XE 3 GHz 18-Core OEM/Tray Processor,,https://pcpartpicker.com/product/XMkj4D/intel-core-i9-9980xe-3-thz-18-core-oemtray-processor-cd8067304126600,,175040.0,Intel,CD8067304126600,Intel Core i9,Skylake,Skylake-X,LGA2066,18,3 GHz,4.4 GHz,,,18 MB,24.75 MB,165 W,,128 GB,No,No,OEM/Tray,14 nm,No,Yes: Hyper-Threading
Intel Core i5-4670K 3.4 GHz Quad-Core Processor,,https://pcpartpicker.com/product/DNrG3C/intel-cpu-bx80646i54670k,,12479.0,Intel,BX80646I54670K,Intel Core i5,Haswell,Haswell,LGA1150,4,3.4 GHz,,,,1 MB,6 MB,84 W,Intel HD Graphics 4600,,No,Yes,Boxed,22 nm,Yes,No
Intel Xeon E5-1650 V4 3.6 GHz 6-Core OEM/Tray Processor,,https://pcpartpicker.com/product/ypBrxr/intel-xeon-e5-1650-v4-36ghz-6-core-oemtray-processor-cm8066002044306,,12839.0,Intel,CM8066002044306,Intel Xeon E5,Broadwell,Broadwell-EP,LGA2011-3,6,3.6 GHz,4 GHz,,,1.5 MB,15 MB,140 W,,1536 GB,Yes,No,OEM/Tray,14 nm,No,Yes: Hyper-Threading
AMD Threadripper 1950X 3.4 GHz 16-Core Processor,https://m.media-amazon.com/images/I/51hzN4DjiDL.jpg,https://pcpartpicker.com/product/CF7CmG/amd-threadripper-1950x-34ghz-16-core-processor-yd195xa8aewof,,99259.0,AMD,YD195XA8AEWOF,AMD Threadripper,Zen,Whitehaven,sTR4,16,3.4 GHz,4 GHz,,,8 MB,32 MB,180 W,,1024 GB,Yes,No,Boxed,14 nm,No,Yes
Intel Core i7-5820K 3.3 GHz 6-Core Processor,,https://pcpartpicker.com/product/6tXfrH/intel-cpu-bx80648i75820k,,,Intel,BX80648I75820K,Intel Core i7,Haswell,Haswell-E,LGA2011-3,6,3.3 GHz,3.6 GHz,,,1.5 MB,15 MB,140 W,,64 GB,No,No,Boxed,22 nm,No,Yes: Hyper-Threading
Intel Core i7-4790 3.6 GHz Quad-Core Processor,,https://pcpartpicker.com/product/BRjG3C/intel-cpu-bx80646i74790,,,Intel,BX80646I74790,Intel Core i7,Haswell Refresh,Haswell Refresh,LGA1150,4,3.6 GHz,4 GHz,,,1 MB,8 MB,84 W,Intel HD Graphics 4600,,No,Yes,Boxed,22 nm,Yes,Yes: Hyper-Threading
AMD Athlon II X2 240 2.8 GHz Dual-Core OEM/Tray Processor,,https://pcpartpicker.com/product/vZTmP6/amd-cpu-adx240ock23gq,,3443.0,AMD,ADX240OCK23GQ,AMD Athlon II X2,K10,Regor,AM3,2,2.8 GHz,,,,2 MB,0 MB,65 W,,,No,No,OEM/Tray,45 nm,No,No
Intel Core i7-8700 3.2 GHz 6-Core OEM/Tray Processor,,https://pcpartpicker.com/product/DTdFf7/intel-core-i7-8700-32ghz-6-core-oemtray-processor-cm8068403358316,,51381.0,Intel,CM8068403358316,Intel Core i7,Coffee Lake,Coffee Lake,LGA1151,6,3.2 GHz,4.6 GHz,,,1.5 MB,12 MB,65 W,Intel UHD Graphics 630,128 GB,No,No,OEM/Tray,14 nm,No,Yes: Hyper-Threading
Intel Core i5-11600 2.8 GHz 6-Core Processor,,https://pcpartpicker.com/product/34ddnQ/intel-core-i5-11600-28-ghz-6-core-processor-bx8070811600,,,Intel,BX8070811600,Intel Core i5,Rocket Lake,Rocket Lake-S,LGA1200,6,2.8 GHz,4.8 GHz,,,3 MB,12 MB,65 W,Intel UHD Graphics 750,128 GB,No,Yes,Boxed,14 nm,Yes,Yes: Hyper-Threading
Intel Core i5-9400F 2.9 GHz 6-Core OEM/Tray Processor,,https://pcpartpicker.com/product/w9VD4D/intel-core-i5-9400f-29-ghz-6-core-oemtray-processor-cm8068403358819,,,Intel,CM8068403358819,Intel Core i5,Coffee Lake Refresh,Coffee Lake Refresh,LGA1151,6,2.9 GHz,4.1 GHz,,,1.5 MB,9 MB,65 W,,128 GB,No,No,OEM/Tray,14 nm,No,No
AMD EPYC 4545P 3 GHz 16-Core Processor,,https://pcpartpicker.com/product/jWwD4D/amd-epyc-4545p-3-ghz-16-core-processor-100-100001764wof,,72125.0,AMD,100-100001764WOF,AMD EPYC,Zen 5,Grado,AM5,16,3 GHz,5.4 GHz,,,16 MB,64 MB,65 W,Radeon,,Yes,No,Boxed,4 nm,No,Yes
Intel Core i5-8400 2.8 GHz 6-Core OEM/Tray Processor,,https://pcpartpicker.com/product/NZgPxr/intel-core-i5-8400-28ghz-6-core-oemtray-processor-cm8068403358811,,23232.0,Intel,CM8068403358811,Intel Core i5,Coffee Lake,Coffee Lake,LGA1151,6,2.8 GHz,4 GHz,,,1.5 MB,9 MB,65 W,Intel UHD Graphics 630,128 GB,No,No,OEM/Tray,14 nm,No,No
AMD Ryzen 9 PRO 7945 3.7 GHz 12-Core OEM/Tray Processor,,https://pcpartpicker.com/product/jTrqqs/amd-ryzen-9-pro-7945-37-ghz-12-core-oemtray-processor-100-000000598,,,AMD,100-000000598,AMD Ryzen 9 PRO,Zen 4,Raphael,AM5,12,3.7 GHz,5.4 GHz,,,12 MB,64 MB,65 W,Radeon,128 GB,Yes,No,OEM/Tray,5 nm,No,Yes
Intel Core i7-2600K 3.4 GHz Quad-Core Processor,,https://pcpartpicker.com/product/LTckcf/intel-cpu-bx80623i72600k,,9925.0,Intel,BX80623I72600K,Intel Core i7,Sandy Bridge,Sandy Bridge,LGA1155,4,3.4 GHz,,,,1 MB,8 MB,95 W,Intel HD Graphics 3000,,No,Yes,Boxed,32 nm,Yes,Yes: Hyper-Threading
Intel Core i5-11500 2.7 GHz 6-Core Processor,,https://pcpartpicker.com/product/FsXJ7P/intel-core-i5-11500-27-ghz-6-core-processor-bx8070811500,,23238.0,Intel,BX8070811500,Intel Core i5,Rocket Lake,Rocket Lake-S,LGA1200,6,2.7 GHz,4.6 GHz,,,3 MB,12 MB,65 W,Intel UHD Graphics 750,128 GB,No,Yes,Boxed,14 nm,Yes,Yes: Hyper-Threading
AMD Ryzen 5 9500F 3.8 GHz 6-Core OEM/Tray Processor,,https://pcpartpicker.com/product/wqQwrH/amd-ryzen-5-9500f-38-ghz-6-core-oemtray-processor-100-000001406,,,AMD,100-000001406,AMD Ryzen 5,Zen 5,Granite Ridge,AM5,6,3.8 GHz,5 GHz,,,6 MB,32 MB,65 W,,192 GB,Yes,No,OEM/Tray,4 nm,No,Yes
Intel Core i9-9900K 3.6 GHz 8-Core OEM/Tray Processor,,https://pcpartpicker.com/product/z6gzK8/intel-core-i9-9900k-36ghz-8-core-oemtray-processor-cm8068403873914,,111498.0,Intel,CM8068403873914,Intel Core i9,Coffee Lake Refresh,Coffee Lake Refresh,LGA1151,8,3.6 GHz,5 GHz,,,2 MB,16 MB,95 W,Intel UHD Graphics 630,128 GB,No,No,OEM/Tray,14 nm,No,Yes: Hyper-Threading
Intel Core i9-10900F 2.8 GHz 10-Core Processor,,https://pcpartpicker.com/product/DYtKHx/intel-core-i9-10900f-28-ghz-10-core-processor-bx8070110900f,,,Intel,BX8070110900F,Intel Core i9,Comet Lake,Comet Lake,LGA1200,10,2.8 GHz,5.2 GHz,,,2.5 MB,20 MB,65 W,,128 GB,No,Yes,Boxed,14 nm,Yes,Yes: Hyper-Threading
AMD EPYC 4565P 4.3 GHz 16-Core Processor,,https://pcpartpicker.com/product/zZvscf/amd-epyc-4565p-43-ghz-16-core-processor-100-100001559wof,,72399.0,AMD,100-100001559WOF,AMD EPYC,Zen 5,Grado,AM5,16,4.3 GHz,5.7 GHz,,,16 MB,64 MB,170 W,Radeon,,Yes,No,Boxed,4 nm,No,Yes
Intel Core i3-4130 3.4 GHz Dual-Core Processor,,https://pcpartpicker.com/product/KDGkcf/intel-cpu-bx80646i34130,,4788.0,Intel,BX80646I34130,Intel Core i3,Haswell,Haswell,LGA1150,2,3.4 GHz,,,,0.5 MB,3 MB,54 W,Intel HD Graphics 4400,,Yes,Yes,Boxed,22 nm,Yes,Yes: Hyper-Threading
Intel Core i5-2500K 3.3 GHz Quad-Core Processor,,https://pcpartpicker.com/product/4WqdnQ/intel-cpu-bx80623i52500k,,18104.0,Intel,BX80623I52500K,Intel Core i5,Sandy Bridge,Sandy Bridge,LGA1155,4,3.3 GHz,,,,0.5 MB,6 MB,95 W,Intel HD Graphics 3000,,No,Yes,Boxed,32 nm,Yes,No
Intel Core i3-7100 3.9 GHz Dual-Core Processor,,https://pcpartpicker.com/product/J9X2FT/intel-core-i3-7100-39ghz-dual-core-processor-bx80677i37100,,9225.0,Intel,BX80677I37100,Intel Core i3,Kaby Lake,Kaby Lake-S,LGA1151,2,3.9 GHz,,,,0.5 MB,3 MB,51 W,Intel HD Graphics 630,64 GB,Yes,Yes,Boxed,14 nm,Yes,Yes: Hyper-Threading
Intel Core i9-13900 2 GHz 24-Core Processor,,https://pcpartpicker.com/product/kNkWGX/intel-core-i9-13900-2-ghz-24-core-processor-bx8071513900,,63057.0,Intel,BX8071513900,Intel Core i9,Raptor Lake,Raptor Lake,LGA1700,24,2 GHz,5.6 GHz,2.2 GHz,4.2 GHz,32 MB,36 MB,65 W,Intel UHD Graphics 770,192 GB,Yes,Yes,Boxed,10 nm,Yes,Yes: Hyper-Threading
Intel Pentium Gold G7400 3.7 GHz Dual-Core Processor,,https://pcpartpicker.com/product/KsBG3C/intel-pentium-gold-g7400-37-ghz-dual-core-processor-bx80715g7400,,14612.0,Intel,BX80715G7400,Intel Pentium Gold,Alder Lake,Alder Lake,LGA1700,2,3.7 GHz,,,,2.5 MB,6 MB,46 W,Intel UHD Graphics 710,128 GB,No,Yes,Boxed,10 nm,Yes,Yes: Hyper-Threading
Intel Celeron G5900 3.4 GHz Dual-Core Processor,,https://pcpartpicker.com/product/37gQzy/intel-celeron-g5900-34-ghz-dual-core-processor-bx80701g5900,,6827.0,Intel,BX80701G5900,Intel Celeron,Comet Lake,Comet Lake,LGA1200,2,3.4 GHz,,,,0.5 MB,4 MB,58 W,Intel UHD Graphics 610,128 GB,No,Yes,Boxed,14 nm,Yes,No
AMD Ryzen 7 9700F 3.8 GHz 8-Core OEM/Tray Processor,,https://pcpartpicker.com/product/Dzjv6h/amd-ryzen-7-9700f-38-ghz-8-core-oemtray-processor-100-000001902,,,AMD,100-000001902,AMD Ryzen 7,Zen 5,Granite Ridge,AM5,8,3.8 GHz,5.5 GHz,,,8 MB,32 MB,65 W,,192 GB,Yes,No,OEM/Tray,4 nm,No,Yes
Intel Celeron G6900 3.4 GHz Dual-Core Processor,,https://pcpartpicker.com/product/QKbTwP/intel-celeron-g6900-34-ghz-dual-core-processor-bx80715g6900,,14012.0,Intel,BX80715G6900,Intel Celeron,Alder Lake,Alder Lake,LGA1700,2,3.4 GHz,,,,2.5 MB,4 MB,46 W,Intel UHD Graphics 710,128 GB,No,Yes,Boxed,10 nm,Yes,No
AMD FX-9590 4.7 GHz 8-Core OEM/Tray Processor,,https://pcpartpicker.com/product/pGrG3C/amd-cpu-fd9590fhhkwof,,33465.0,AMD,FD9590FHHKWOF,AMD FX,Piledriver,Vishera,AM3+,8,4.7 GHz,5 GHz,,,8 MB,8 MB,220 W,,,No,No,OEM/Tray,32 nm,No,No
Intel Core i9-10900 2.8 GHz 10-Core Processor,,https://pcpartpicker.com/product/wW7p99/intel-core-i9-10900-28-ghz-10-core-processor-bx8070110900,,,Intel,BX8070110900,Intel Core i9,Comet Lake,Comet Lake,LGA1200,10,2.8 GHz,5.2 GHz,,,2.5 MB,20 MB,65 W,Intel UHD Graphics 630,128 GB,No,Yes,Boxed,14 nm,Yes,Yes: Hyper-Threading
Intel Pentium Gold G5420 3.8 GHz Dual-Core Processor,,https://pcpartpicker.com/product/v2xbt6/intel-pentium-gold-g5420-38-ghz-dual-core-processor-bx80684g5420,,3269.0,Intel,BX80684G5420,Intel Pentium Gold,Coffee Lake,Coffee Lake,LGA1151,2,3.8 GHz,,,,0.5 MB,4 MB,54 W,Intel UHD Graphics 610,64 GB,Yes,Yes,Boxed,14 nm,Yes,Yes: Hyper-Threading
Intel Core i7-950 3.06 GHz Quad-Core Processor,,https://pcpartpicker.com/product/3LNp99/intel-cpu-bx80601950,,9827.0,Intel,BX80601950,Intel Core i7,Nehalem,Bloomfield,LGA1366,4,3.06 GHz,,,,1 MB,8 MB,130 W,,,No,Yes,Boxed,45 nm,Yes,Yes: Hyper-Threading
AMD Threadripper 1900X 3.8 GHz 8-Core Processor,,https://pcpartpicker.com/product/BvgPxr/amd-threadripper-1900x-38ghz-8-core-processor-yd190xa8aewof,,28142.0,AMD,YD190XA8AEWOF,AMD Threadripper,Zen,Whitehaven,sTR4,8,3.8 GHz,4 GHz,,,4 MB,16 MB,180 W,,1024 GB,Yes,No,Boxed,14 nm,No,Yes
AMD Ryzen 9 3900X 3.8 GHz 12-Core OEM/Tray Processor,https://cdna.pcpartpicker.com/static/forever/images/product/24ff507103b5ff52377621b24930dddd.256p.jpg,https://pcpartpicker.com/product/pQ3H99/amd-ryzen-9-3900x-36-ghz-12-core-oemtray-processor-100-000000023,,,AMD,100-000000023,AMD Ryzen 9,Zen 2,Matisse,AM4,12,3.8 GHz,4.6 GHz,,,6 MB,64 MB,105 W,,128 GB,No,No,OEM/Tray,7 nm,No,Yes
Intel Core 2 Duo E8400 3 GHz Dual-Core OEM/Tray Processor,,https://pcpartpicker.com/product/Kwbp99/intel-cpu-eu80570pj0806m,,3217.0,Intel,EU80570PJ0806M,Intel Core 2 Duo,Wolfdale,Wolfdale,LGA775,2,3 GHz,,,,6 MB,0 MB,65 W,,,No,No,OEM/Tray,45 nm,No,No
Intel Core i5-6500 3.2 GHz Quad-Core OEM/Tray Processor,,https://pcpartpicker.com/product/8GcMnQ/intel-cpu-cm8066201920404,,17509.0,Intel,CM8066201920404,Intel Core i5,Skylake,Skylake-S,LGA1151,4,3.2 GHz,3.6 GHz,,,1 MB,6 MB,65 W,Intel HD Graphics 530,64 GB,No,No,OEM/Tray,14 nm,No,No
Intel Core i7-7820X 3.6 GHz 8-Core Processor,,https://pcpartpicker.com/product/C2dFf7/intel-i7-7820x-36ghz-8-core-processor-bx80673i77820x,,40870.0,Intel,BX80673I77820X,Intel Core i7,Skylake,Skylake-X,LGA2066,8,3.6 GHz,4.5 GHz,,,8 MB,11 MB,140 W,,128 GB,No,No,Boxed,14 nm,No,Yes: Hyper-Threading
Intel Core i5-7600 3.5 GHz Quad-Core Processor,,https://pcpartpicker.com/product/3pWrxr/intel-core-i5-7600-35ghz-quad-core-processor-bx80677i57600,,19017.0,Intel,BX80677I57600,Intel Core i5,Kaby Lake,Kaby Lake-S,LGA1151,4,3.5 GHz,4.1 GHz,,,1 MB,6 MB,65 W,Intel HD Graphics 630,64 GB,No,Yes,Boxed,14 nm,Yes,No
